year,province,city,Komposit,NCPR,Kemiskinan (%),Pengeluaran Pangan (%),Tanpa Listrik (%),Tanpa Air Bersih (%),Lama Sekolah Perempuan (tahun),Rasio Tenaga Kesehatan,Angka Harapan Hidup (tahun),Stunting (%),food_security_index,IKP Ranking
2018,aceh,simeulue,5,0.67,20.2,55.69,1.42,30.36,8.98,2.12,64.9,35.7,71.69,237
2018,aceh,aceh singkil,2,4.31,22.11,40.27,1.07,42.45,8.04,3.05,67.07,38.7,48.22,381
2018,aceh,aceh selatan,4,0.69,14.07,69.08,0.5,53.23,8.41,5.49,63.89,44.9,67.24,297
2018,aceh,aceh tenggara,5,0.33,14.86,58.78,2.02,56.35,9.63,4.86,67.62,38.2,72.54,224
2018,aceh,aceh timur,5,0.51,15.25,47.94,0.6,50.06,8.23,3.68,68.33,43.6,72.26,229
2018,aceh,aceh tengah,4,1.79,16.84,42.96,0,53.57,9.85,3.85,68.53,37.2,65.51,309
2018,aceh,aceh barat,5,0.42,20.28,42.1,2.29,33.76,9.38,2.32,67.62,33.2,75.45,157
2018,aceh,aceh besar,6,0.55,15.41,54.6,0.82,26.99,9.64,1.78,69.52,31.2,77.77,100
2018,aceh,pidie,5,0.5,21.43,64.65,1.96,52.11,8.87,1.18,66.58,43.7,67.97,286
2018,aceh,bireuen,5,0.64,15.87,47.4,1.1,48.25,9.18,0.71,70.8,34.4,74.35,180
2018,aceh,aceh utara,5,0.52,19.78,68.89,2.1,50.32,8.31,1.59,68.54,35.9,69.77,269
2018,aceh,aceh barat daya,5,0.59,18.31,51.54,0.95,45.1,8.92,1.95,64.51,31.6,71.29,244
2018,aceh,gayo lues,5,0.4,21.97,49.88,0.7,43.78,7.99,7.99,64.98,38.5,70.09,264
2018,aceh,aceh tamiang,6,0.53,14.69,35.35,0.28,23.93,9.02,2.83,69.16,32.4,79.57,60
2018,aceh,nagan raya,5,0.33,19.34,52.24,0.49,56.79,8.47,4.87,68.76,26.2,72.8,213
2018,aceh,aceh jaya,5,0.25,14.85,52.83,0,42.31,8.42,7.44,66.77,38.3,74.67,175
2018,aceh,bener meriah,2,5,21.14,54.93,0.84,47.16,9.67,2.25,68.9,37.6,44.28,388
2018,aceh,pidie jaya,5,0.51,21.82,61.14,0.28,46.06,9.03,1.21,69.68,34.6,71.62,239
2018,aceh,kota banda aceh,6,50,7.44,43.09,0.1,0.82,11.86,0.02,70.96,25.1,82.95,13
2018,aceh,kota sabang,4,50,17.66,58.71,0,9.39,11.05,0.48,70.09,29.8,56.89,89
2018,aceh,kota langsa,5,50,11.24,49.93,0.13,15,10.95,0.21,69.06,26.7,66.68,70
2018,aceh,kota lhokseumawe,5,50,12.32,51.14,0,11.97,10.78,0.06,71.14,25.2,69.29,56
2018,aceh,kota subulussalam,1,50,19.71,59.43,1.16,47.9,8.06,1,63.56,47.4,21.5,98
2018,sumatera utara,nias,4,0.8,18.11,60.16,32.17,59.99,5.08,1.8,69.18,41.6,63.43,319
2018,sumatera utara,mandailing natal,4,0.47,11.02,61.46,7.47,63.39,8.36,17.06,61.97,39.7,67.37,294
2018,sumatera utara,tapanuli selatan,5,0.42,10.6,63.53,5.28,63.86,9.02,8.43,64.28,32.4,70.47,259
2018,sumatera utara,tapanuli tengah,5,0.59,14.66,50.77,4.1,59.24,8.54,2.52,66.66,28.2,71.36,242
2018,sumatera utara,tapanuli utara,5,0.38,11.35,70.97,3.86,51.03,9.4,2.6,67.86,24.2,74.91,170
2018,sumatera utara,toba samosir,6,0.28,10.19,57.74,4.41,47.51,9.62,2.48,69.36,36.2,76.89,123
2018,sumatera utara,labuhanbatu,6,0.84,8.89,41.91,2.51,37.5,9.21,2.27,69.44,33.1,77.12,118
2018,sumatera utara,asahan,5,1.55,11.67,44.8,1.06,25.03,8.78,2.77,67.57,24.6,73.45,202
2018,sumatera utara,simalungun,6,0.2,10.65,51.34,0.31,41.73,9.02,1.86,70.53,36.7,79.1,71
2018,sumatera utara,dairi,6,0.35,8.87,60.18,2.01,54.06,9.17,2.33,68.13,29.6,75.9,146
2018,sumatera utara,karo,6,0.33,9.97,62.56,0.73,41.69,9.68,2.18,70.77,30.8,78.78,75
2018,sumatera utara,deli serdang,6,0.9,4.62,40.27,0.53,20.36,9.75,0.6,71.11,33.3,82.32,20
2018,sumatera utara,langkat,6,0.61,11.15,42.84,0.32,39.45,8.79,2.05,67.94,26.2,77.44,108
2018,sumatera utara,nias selatan,4,0.57,18.48,48.72,34.76,77.31,5.96,1.97,68,39.2,63.02,322
2018,sumatera utara,humbang hasundutan,5,0.44,9.85,54.47,1.45,53.1,9.25,6.95,68.41,41.5,74.27,183
2018,sumatera utara,pakpak barat,5,0.62,10.53,66.15,2.85,59.22,8.35,3.94,65.05,28.3,70.56,258
2018,sumatera utara,samosir,5,0.7,14.72,59.1,1.15,51,8.62,4.22,70.68,33.1,72.58,221
2018,sumatera utara,serdang bedagai,6,0.2,9.3,62.95,0.32,37.86,8.44,1.45,67.79,31.6,78.3,88
2018,sumatera utara,batu bara,6,0.62,12.48,42.11,0.27,31.36,8.17,1.46,66.1,20.1,77.77,98
2018,sumatera utara,padang lawas utara,5,0.41,10.7,57.94,6.71,54.77,8.77,5.65,66.58,32.2,73.26,208
2018,sumatera utara,padang lawas,4,1.07,9.1,70.2,7.05,66.89,8.57,4.86,66.5,40.5,65.77,308
2018,sumatera utara,labuhanbatu selatan,2,5,11.63,46.97,1.57,34.6,8.73,4.41,68.14,25.9,50.64,374
2018,sumatera utara,labuhanbatu utara,6,0.51,11.28,51.25,1.43,44.07,8.46,3.43,68.91,23.6,76.98,120
2018,sumatera utara,nias utara,3,1.48,29.06,51.9,30.3,54.14,6.09,3.2,68.77,41.6,57.34,345
2018,sumatera utara,nias barat,3,1.39,27.23,57.04,20.23,58.66,5.77,1.34,68.28,45.5,57.43,344
2018,sumatera utara,kota sibolga,5,50,13.69,55.17,0.65,9.96,9.91,0.07,68.05,20.9,61.81,80
2018,sumatera utara,kota tanjungbalai,3,50,14.46,63.26,0.39,7.34,9.28,0.16,62.28,29.8,49.87,93
2018,sumatera utara,kota pematangsiantar,6,50,10.1,51.81,0,10.69,11.45,0.04,72.63,22.7,74.56,40
2018,sumatera utara,kota tebingtinggi,4,50,11.9,56.44,0.49,22.02,10.1,0.04,70.28,27,60.73,83
2018,sumatera utara,kota medan,6,50,9.11,47.68,0,4.44,11.06,0.04,72.4,8.4,81.42,21
2018,sumatera utara,kota binjai,5,50,6.75,53.42,0.23,24.92,10.73,0.04,71.75,29.7,68.46,63
2018,sumatera utara,kota padangsidimpuan,4,0.93,8.25,54.5,0.3,38.08,10.94,0.18,68.41,35.7,57.48,88
2018,sumatera utara,kota gunungsitoli,2,50,21.66,55.17,1.73,34.08,8.19,0.57,70.42,35.8,36.77,95
2018,sumatera barat,kepulauan mentawai,2,3.3,14.67,68.4,27.4,58,7.33,9.43,64.37,25.7,49.92,376
2018,sumatera barat,pesisir selatan,6,0.4,7.79,45.39,1.47,35.45,8.35,6.61,70.25,27.5,80.66,46
2018,sumatera barat,solok,5,0.29,9.06,54.54,4.69,48.05,8.16,3.98,67.65,39.9,75.34,160
2018,sumatera barat,sijunjung,5,0.72,7.35,58.36,2.15,41.46,8.2,5.69,65.44,38.7,73.36,205
2018,sumatera barat,tanah datar,6,0.33,5.56,47.33,1.5,40.16,8.61,2.04,69.11,33,80.23,50
2018,sumatera barat,padang pariaman,6,0.4,8.46,43.37,1.66,48.73,7.65,1.48,67.96,33.6,76.69,125
2018,sumatera barat,agam,6,0.3,7.59,43.73,2.08,42.24,8.94,2.93,71.57,31.3,81,40
2018,sumatera barat,lima puluh kota,6,0.36,7.15,63.56,3.58,42.59,8.14,4.53,69.31,27,77.98,94
2018,sumatera barat,pasaman,5,0.37,7.41,60.99,3.49,47.77,7.68,6.69,66.54,40.6,74.12,187
2018,sumatera barat,solok selatan,6,0.32,7.21,49.82,2.31,46.14,8.37,4.28,66.92,36.2,76.91,122
2018,sumatera barat,dharmasraya,6,1.03,6.68,59.65,0,37.66,8.16,5.64,70.44,27,75.82,148
2018,sumatera barat,pasaman barat,5,0.55,7.26,53.13,1.47,49.45,8.04,4.07,67.15,32.1,75.2,163
2018,sumatera barat,kota padang,6,50,4.74,47.54,0.32,12.41,11.29,0.17,73.2,22.6,79.41,27
2018,sumatera barat,kota solok,6,50,3.66,51.97,0.74,2.46,11.17,0.1,72.92,31.9,78.54,29
2018,sumatera barat,kota sawahlunto,5,0.96,2.01,54.25,1.08,19.17,10.22,0.75,69.39,26.3,64.17,76
2018,sumatera barat,kota padang panjang,6,50,6.17,51.22,0.28,8.83,11.21,0.06,72.46,29.6,76.19,38
2018,sumatera barat,kota bukittinggi,6,50,5.35,46.61,0,7.33,11.65,0.02,73.69,24.5,83.45,10
2018,sumatera barat,kota payakumbuh,6,0.92,5.88,50.81,1.1,8.17,10.55,0.15,73.13,28,74.05,45
2018,sumatera barat,kota pariaman,5,0.79,5.2,55.47,1.15,24.21,10.47,0.13,69.67,25.9,64.77,73
2018,riau,kuantan singingi,5,1.68,9.97,56.72,0.54,35.41,8.07,4.3,67.99,27.5,70.08,265
2018,riau,indragiri hulu,3,5,6.94,29.07,3.44,30.32,8.16,5.87,69.83,33.7,53.79,364
2018,riau,indragiri hilir,4,1.91,7.7,46.91,14.73,43.89,7.44,8.12,67.07,34.3,66.21,305
2018,riau,pelalawan,4,2.99,10.25,34.55,5.35,22.18,7.98,9.95,70.54,22.3,66.87,298
2018,riau,siak,5,2.79,5.8,53.97,0.79,12.7,9.5,8.84,70.64,23,70.78,255
2018,riau,kampar,3,5,8.02,40.53,0.27,38.37,8.88,6.43,70.16,27,52.74,367
2018,riau,rokan hulu,3,3.65,10.91,34.61,2.52,44.13,8.67,6.53,69.31,37.2,57.76,342
2018,riau,bengkalis,3,4.72,6.85,27.2,2.29,25.82,9.04,6,70.69,26.5,58.18,338
2018,riau,rokan hilir,4,3.73,7.88,40.99,1.06,33.31,8.29,5.85,69.66,35.9,59.73,335
2018,riau,kepulauan meranti,2,3.7,28.99,39.54,15.68,46.42,7.58,7.07,66.99,24.6,48.94,379
2018,riau,kota pekanbaru,6,50,3.05,46.2,0,7.37,10.94,0.14,71.75,27.7,81.15,22
2018,riau,kota dumai,5,50,4.57,50.64,0.16,16.65,9.75,1,70.37,30.1,63.67,77
2018,jambi,kerinci,6,0.29,7.45,46.97,2.89,29.36,8.18,3.94,69.52,35,81,39
2018,jambi,merangin,6,0.64,9.43,42.26,2.83,48.16,7.78,7.74,70.94,25.4,76.97,121
2018,jambi,sarolangun,5,1.18,8.87,41.72,1,42.37,7.91,7.31,68.83,37.3,72.7,218
2018,jambi,batang hari,4,1.84,10.33,62.8,2.39,51.04,7.87,6.76,70.12,28.1,66.56,302
2018,jambi,muaro jambi,4,3.59,4.37,64.54,0.42,45.43,8.43,5.34,70.9,16.1,60.98,332
2018,jambi,tanjung jabung timur,5,0.57,12.58,51.13,3.21,41.98,6.74,4.78,65.69,21.5,74.18,185
2018,jambi,tanjung jabung barat,5,1.52,11.32,38.4,4.38,35.54,7.64,9.25,67.75,29.2,71.04,251
2018,jambi,tebo,6,0.17,6.79,44.92,3.81,51.63,7.33,9.95,69.67,24.1,79.19,68
2018,jambi,bungo,5,1.54,5.82,38.19,1.98,37.81,7.99,3.05,67.27,21.9,73.89,195
2018,jambi,kota jambi,6,50,8.84,46.95,0.06,14.34,10.14,0.05,72.33,21.9,74.26,43
2018,jambi,kota sungai penuh,5,0.36,2.78,54.75,0.04,11.22,10.16,1,71.71,27.6,67.6,64
2018,sumatera selatan,ogan komering ulu,5,1.09,12.95,38.58,2.28,42.33,8.92,2.92,67.66,24.3,73.74,198
2018,sumatera selatan,ogan komering ilir,5,0.29,15.75,40.87,2.92,49.17,7.18,8.34,68.04,22.6,75.49,156
2018,sumatera selatan,muara enim,5,0.97,13.19,58.42,0.85,50.07,7.57,5.32,68.14,14.9,72.12,233
2018,sumatera selatan,lahat,5,0.6,16.81,41.91,0.19,60.12,8.71,4.45,65.25,28.2,70.82,254
2018,sumatera selatan,musi rawas,6,0.29,14.24,24.8,0.94,52.93,7.48,4.79,67.34,25.9,76.58,127
2018,sumatera selatan,musi banyuasin,5,0.6,16.75,42.14,4.22,38.93,7.87,8.63,68.14,21.4,75.13,167
2018,sumatera selatan,banyu asin,6,0.16,11.47,65.4,0.96,34.29,7.36,8.77,68.36,32.8,77.25,114
2018,sumatera selatan,ogan komering ulu selatan,5,0.38,10.98,38.62,5.95,65.46,7.87,4.77,66.24,22.5,73.87,196
2018,sumatera selatan,ogan komering ulu timur,6,0.17,11,28.44,0.41,55.22,7.49,0.97,68.44,26.7,78.49,83
2018,sumatera selatan,ogan ilir,5,0.52,13.58,50.08,4.99,38.55,7.75,1.8,64.72,29.5,73.96,193
2018,sumatera selatan,empat lawang,5,0.47,12.44,49.36,3.9,60.75,7.76,6.34,64.32,27.7,71.18,248
2018,sumatera selatan,penukal abab lematang ilir,5,1.59,14.53,48.55,0.39,48.92,6.89,2.42,67.7,18.6,67.97,287
2018,sumatera selatan,musi rawas utara,4,1.57,19.49,39.88,0.33,60.29,6.62,7.55,64.99,32.8,62.03,326
2018,sumatera selatan,kota palembang,6,50,11.4,48.51,0,4.22,9.79,0.06,70.1,14.5,73.26,47
2018,sumatera selatan,kota prabumulih,4,50,11.42,52.2,1.11,47.76,9.41,0.28,69.67,19.3,51.88,91
2018,sumatera selatan,kota pagar alam,2,0.74,8.89,54.93,2.27,59.74,9.58,1,65.87,26.5,36.41,96
2018,sumatera selatan,kota lubuklinggau,3,50,13.12,51.75,0.13,54.29,9.46,0.42,68.64,18.9,48.9,94
2018,bengkulu,bengkulu selatan,5,0.51,21.06,36.87,0.28,56.52,8.72,1.12,67.24,30.9,71.55,240
2018,bengkulu,rejang lebong,5,0.51,16.97,39.91,4.7,64.71,8.44,2.16,67.65,29,71.35,243
2018,bengkulu,bengkulu utara,5,0.7,13.11,41.67,1.11,48.42,7.83,3.73,67.42,35.8,72.92,212
2018,bengkulu,kaur,4,0.6,21.54,50.92,3.5,64.62,7.98,7.44,65.92,23.7,67.68,289
2018,bengkulu,seluma,5,0.56,20.73,41.19,3.35,64,7.85,2.78,66.85,23.3,69.74,272
2018,bengkulu,mukomuko,5,0.54,12.2,44.75,1.3,42.13,8.03,4.51,65.93,33.4,74.6,176
2018,bengkulu,lebong,5,0.6,11.83,54.62,2.76,57.91,7.66,4.51,62.46,34.4,69.17,274
2018,bengkulu,kepahiang,5,0.66,15.95,30.04,1.16,52.07,8.12,1.34,67.12,29.3,73.44,203
2018,bengkulu,bengkulu tengah,5,0.78,8.41,50.31,2.59,52.32,7.25,2.37,67.64,34.8,72.63,219
2018,bengkulu,kota bengkulu,5,50,19.18,40.89,0,24.92,11.63,0.07,69.52,23.5,64.58,74
2018,lampung,lampung barat,5,0.58,14.32,40.15,3.56,60.06,7.53,3.8,66.86,37.3,70.76,256
2018,lampung,tanggamus,5,0.55,13.25,31.3,2.87,62.39,7.09,2.78,67.8,37.3,71.96,236
2018,lampung,lampung selatan,6,0.32,15.16,43,0.12,44.15,7.87,0.48,68.65,30.3,76.48,132
2018,lampung,lampung timur,6,0.15,16.35,40.76,0.3,50.04,7.57,3.72,70.11,23.5,77.43,110
2018,lampung,lampung tengah,5,0.13,12.9,41.64,0.38,58.98,7.4,1.82,69.28,37,75.43,158
2018,lampung,lampung utara,5,0.1,21.55,38.14,0.2,65.9,8.43,1.58,68.48,34.9,72.18,232
2018,lampung,way kanan,5,0.21,14.06,32.38,1,71.08,7.15,3.45,68.74,30.7,73.63,199
2018,lampung,tulangbawang,6,0.17,10.09,58.83,3.9,44.96,7.69,3.41,69.41,24.4,78.24,90
2018,lampung,pesawaran,5,0.38,16.48,40.61,1.38,59.06,7.71,2.46,68.29,35.1,72.54,225
2018,lampung,pringsewu,6,0.62,11.3,31.24,0.77,39.36,7.96,0.53,69.14,25.8,78.48,84
2018,lampung,mesuji,6,0.18,7.66,27.36,0,38.45,7,4.79,67.49,31.7,80.82,44
2018,lampung,tulang bawang barat,6,0.1,8.11,20.68,0.14,55.77,7.34,2.08,69.35,27.2,80.7,45
2018,lampung,pesisir barat,5,0.41,15.61,54.87,6,65.98,7.82,7.05,62.54,29.8,67.99,285
2018,lampung,kota bandar lampung,5,50,9.94,48.04,0,14.77,10.22,0.09,70.84,33.4,68.93,59
2018,lampung,kota metro,5,50,9.89,44.17,0.25,37.29,10.63,0.06,71.13,26.6,65.98,71
2018,kepulauan bangka belitung,bangka,3,4.91,5.1,22.78,1.4,29.52,8.26,2.49,70.56,27.7,57.03,348
2018,kepulauan bangka belitung,belitung,3,5,7.77,20.02,0.88,16.02,8.12,4.15,70.44,27.6,57.67,343
2018,kepulauan bangka belitung,bangka barat,4,3.73,2.98,26.21,0.27,31.03,7.43,3.9,69.56,25,63.99,315
2018,kepulauan bangka belitung,bangka tengah,3,5,6.07,26.02,0.85,26.46,6.97,3.98,70.49,25.6,55.81,352
2018,kepulauan bangka belitung,bangka selatan,4,2.77,3.92,31.81,0.57,34.44,6.57,7.29,67.13,30.1,66.21,306
2018,kepulauan bangka belitung,belitung timur,3,5,6.81,22.78,1.73,20.75,8.39,4.94,71.37,29.3,57.32,346
2018,kepulauan bangka belitung,kota pangkalpinang,6,50,4.8,43.92,0,10.42,9.44,0.11,72.64,26.7,78.18,31
2018,kepulauan riau,karimun,3,5,7.41,12.61,2.16,38.6,7.92,1.3,70.32,19.8,55.75,354
2018,kepulauan riau,bintan,3,5,6.01,19.35,0.54,35.31,8.58,1.98,70.12,19.5,56.6,350
2018,kepulauan riau,natuna,3,5,4.64,23.64,4.3,29.09,8.55,3.6,64.33,19.7,54.75,358
2018,kepulauan riau,lingga,2,5,13.84,22.86,5.12,42.81,6.35,5.18,61.14,33.2,45.06,386
2018,kepulauan riau,kepulauan anambas,2,5,6.87,27.08,2.61,43.82,6.77,1.5,66.76,24.6,51.14,370
2018,kepulauan riau,kota batam,6,50,4.81,47.46,0.3,2.39,10.79,0.44,73.19,20.7,79.79,25
2018,kepulauan riau,kota tanjungpinang,5,50,9.29,50.44,0.36,20.44,10.07,0.15,71.84,20.8,68.53,62
2018,dki jakarta,kepulauan seribu,3,5,12.98,69.22,0,2.24,8.04,0.05,68.04,23.9,53.41,365
2018,dki jakarta,kota jakarta selatan,6,50,3.14,38.28,0,15.48,11.2,0.01,73.84,17.8,87.72,2
2018,dki jakarta,kota jakarta timur,6,50,3.31,44.7,0,10.74,11.09,0.02,74.18,25.7,84.33,8
2018,dki jakarta,kota jakarta pusat,6,50,3.78,41.71,0,7.14,10.6,0,73.83,29.2,84.66,6
2018,dki jakarta,kota jakarta barat,6,50,3.45,37.41,0,7.83,9.99,0.02,73.37,20.4,87.03,3
2018,dki jakarta,kota jakarta utara,6,50,5.59,38.22,0,2.24,10.19,0.02,72.99,23.7,85.71,5
2018,jawa barat,bogor,4,2.42,8.57,27.2,0,48.48,7.57,0.56,70.7,28.5,67.56,291
2018,jawa barat,sukabumi,5,0.64,8.04,43.68,0.7,56.96,7.04,1.2,70.26,37.6,74.32,181
2018,jawa barat,cianjur,5,0.64,11.41,50,0.18,64.24,7.09,0.86,69.49,35.7,71.47,241
2018,jawa barat,bandung,5,1.72,7.36,38.94,0,30.52,8.32,0.63,73.13,38.7,74.37,179
2018,jawa barat,garut,5,0.45,11.27,55.51,0.11,57.97,7.38,0.96,70.84,43.1,73.09,210
2018,jawa barat,tasikmalaya,5,0.51,10.84,60.89,0.4,59.45,7.29,1.25,68.71,33.4,72.28,227
2018,jawa barat,ciamis,5,0.7,8.2,56.06,0.22,55.57,7.66,1.21,71.07,29,74.86,172
2018,jawa barat,kuningan,5,0.63,13.27,56.52,0,49.19,7.45,0.55,72.88,28.5,75.17,164
2018,jawa barat,cirebon,5,1.31,12.97,46.35,0,36.29,6.95,0.28,71.49,25.6,73.38,204
2018,jawa barat,majalengka,6,0.52,12.6,52.54,0,39.41,7.02,0.57,69.39,30.2,75.92,144
2018,jawa barat,sumedang,6,0.6,10.53,32.8,0,44.02,8.17,0.93,72,28.1,79.18,70
2018,jawa barat,indramayu,6,0.4,13.67,55.49,0.26,15.7,6.03,0.98,70.86,29.9,79.79,58
2018,jawa barat,subang,6,0.48,10.77,35.27,0,46.8,7.26,1.22,71.71,25.5,78.85,74
2018,jawa barat,purwakarta,5,0.92,9.06,40.66,0,47.14,8.02,0.55,70.42,30.8,75.55,154
2018,jawa barat,karawang,6,0.67,10.25,25.24,0,20.63,7.37,0.36,71.64,26.1,82.69,15
2018,jawa barat,bekasi,6,1.92,4.73,23.07,0,9.17,8.52,0.36,73.3,23.7,80.65,47
2018,jawa barat,bandung barat,5,1.43,11.49,40.35,0,53.4,8.06,0.81,71.87,34.3,70.84,253
2018,jawa barat,pangandaran,6,0.66,10,48.31,0.36,40.4,7.52,1.44,70.56,28.1,77.18,115
2018,jawa barat,kota bogor,6,50,7.11,44.68,0,19.78,9.59,0.04,73.01,25,74.37,42
2018,jawa barat,kota sukabumi,5,50,8.48,48.76,0.34,27.51,9.42,0.03,71.95,23.1,67.32,66
2018,jawa barat,kota bandung,6,50,4.17,41.48,0,14.86,10.15,0.02,73.86,25.8,81.86,18
2018,jawa barat,kota cirebon,6,50,9.66,47.92,0,5.48,9.58,0.02,71.86,26.5,73.75,46
2018,jawa barat,kota bekasi,6,50,4.79,44.24,0,17.6,10.49,0.04,74.63,15,82.5,16
2018,jawa barat,kota depok,6,50,2.34,41.68,0,23.66,10.46,0.05,74.04,14.9,83.39,11
2018,jawa barat,kota cimahi,6,50,5.76,47.92,0,20.92,10.86,0.03,73.61,25.6,76.48,37
2018,jawa barat,kota tasikmalaya,4,50,14.8,48.94,0,33.77,9.28,0.1,71.48,38.2,56.09,90
2018,jawa barat,kota banjar,5,50,7.06,50.16,0,26.18,8.65,0.15,70.39,28,64.33,75
2018,jawa tengah,cilacap,6,0.5,13.94,31.45,0.43,38.97,6.67,0.77,73.24,27.2,79.19,69
2018,jawa tengah,banyumas,5,1.15,17.05,29.48,0,47.17,7.68,0.31,73.33,24.5,73.99,192
2018,jawa tengah,purbalingga,5,0.81,18.8,32.41,0.2,48.67,7.11,0.49,72.91,28.2,74,191
2018,jawa tengah,banjarnegara,5,0.79,17.21,37.99,0.16,59.95,6.6,0.78,73.79,30.1,72.35,226
2018,jawa tengah,kebumen,5,0.59,19.6,36.06,0.23,56.95,7.37,0.5,72.98,31.3,73.32,206
2018,jawa tengah,purworejo,6,0.51,13.81,29.85,0.09,51.99,7.79,0.55,74.26,25.8,78.63,79
2018,jawa tengah,wonosobo,6,0.56,20.32,25.37,0.11,38.02,6.84,0.8,71.3,32.5,75.87,147
2018,jawa tengah,magelang,6,0.75,12.42,28.32,0.17,47.73,7.18,0.91,73.39,37.6,76.32,137
2018,jawa tengah,boyolali,6,0.64,11.96,20.77,0.16,47.03,7.33,0.63,75.72,25.9,80.36,48
2018,jawa tengah,klaten,6,0.69,14.15,35.66,0,47.06,7.99,0.28,76.62,27.2,78.64,77
2018,jawa tengah,sukoharjo,6,0.61,8.75,23.04,0,35.16,8.78,0.2,77.49,23.8,85.21,4
2018,jawa tengah,wonogiri,6,0.2,12.9,35.78,0,44.42,6.63,1.02,76,23.9,81.83,26
2018,jawa tengah,karanganyar,6,0.52,12.28,24.41,0,44.48,7.79,0.56,77.31,22.6,82.4,19
2018,jawa tengah,sragen,6,0.37,14.02,30.73,0,34.3,6.95,0.47,75.55,25.2,82.22,22
2018,jawa tengah,grobogan,6,0.35,13.27,46.12,0.24,21.78,6.82,0.78,74.46,37.6,81.19,34
2018,jawa tengah,blora,6,0.36,13.04,36.43,0.12,24.86,6.62,1.09,73.99,37,81.3,32
2018,jawa tengah,rembang,6,0.6,18.35,44.27,0,27.1,6.81,0.91,74.32,32.3,77.71,104
2018,jawa tengah,pati,6,0.27,11.38,30.65,0,29.49,7.34,0.63,75.8,31.8,84.04,10
2018,jawa tengah,kudus,6,1.15,7.59,16.48,0,34.88,8.37,0.19,76.44,23,82.31,21
2018,jawa tengah,jepara,6,0.63,8.12,43.34,0,39.99,7.31,0.53,75.68,26.2,80.95,41
2018,jawa tengah,demak,6,0.48,13.41,35.45,0,16.78,7.47,0.68,75.27,25.9,84.11,7
2018,jawa tengah,semarang,6,0.9,7.78,19.68,0.16,38.33,8.15,0.7,75.57,21.1,82.66,16
2018,jawa tengah,temanggung,6,0.77,11.46,24.45,0.12,43.67,7.14,0.57,75.42,30,79.27,67
2018,jawa tengah,kendal,6,0.76,11.1,32.83,0.06,28.57,7.05,0.59,74.24,26.7,80.84,43
2018,jawa tengah,batang,6,0.76,10.8,36.64,0,48.55,6.8,0.69,74.5,30.9,77.1,119
2018,jawa tengah,pekalongan,5,1.26,12.61,38.38,0,55.74,6.91,0.48,73.46,35.6,71.17,249
2018,jawa tengah,pemalang,5,0.82,17.37,46.79,0,33.47,6.48,0.51,72.98,30.8,74.96,168
2018,jawa tengah,tegal,5,0.93,9.9,36.89,0.14,46.17,6.61,0.43,71.14,34.4,74.7,174
2018,jawa tengah,brebes,5,0.74,19.14,39.76,0,39.94,6.06,0.62,68.61,28.5,72.55,223
2018,jawa tengah,kota magelang,6,50,8.75,44.54,0.11,11.6,9.8,0.01,76.66,27.9,78.43,30
2018,jawa tengah,kota surakarta,6,50,10.65,41.7,0,18.89,9.78,0.01,77.06,22.1,77.65,32
2018,jawa tengah,kota salatiga,6,50,5.07,42.61,0,18.04,9.93,0.05,76.98,28.1,81.09,23
2018,jawa tengah,kota semarang,6,50,4.62,39.95,0.11,10.44,9.6,0.05,77.21,21,85.93,4
2018,jawa tengah,kota pekalongan,5,50,7.47,54.23,0,36.45,8.71,0.04,74.19,31.8,62.42,78
2018,jawa tengah,kota tegal,5,50,8.11,43.92,0,35.82,7.9,0.03,74.23,24.2,67.18,67
2018,daerah istimewa yogyakarta,kulon progo,6,0.7,20.03,42.78,0.65,42.58,8.61,0.52,75.06,23.6,76.59,126
2018,daerah istimewa yogyakarta,bantul,6,1.33,14.07,18.12,0,44.81,9.3,0.21,73.56,22.9,76.48,131
2018,daerah istimewa yogyakarta,gunung kidul,6,0.19,18.65,50.94,0.15,40.8,6.81,1.31,73.82,27.9,77.73,103
2018,daerah istimewa yogyakarta,sleman,6,0.98,8.13,16.96,0,43.81,10.37,0.11,74.63,10.6,83.49,11
2018,daerah istimewa yogyakarta,kota yogyakarta,6,50,7.64,40.76,0,31.46,11.09,0.01,74.35,23,76.82,36
2018,jawa timur,pacitan,6,0.3,15.42,47.15,0.15,47.6,7.1,1.48,71.31,21.1,77.35,112
2018,jawa timur,ponorogo,6,0.26,11.39,39.47,0.24,38.59,7.18,0.65,72.27,25.1,81.1,36
2018,jawa timur,trenggalek,6,0.41,12.96,43.68,0,60.77,7.21,0.9,73.15,24.3,76.35,136
2018,jawa timur,tulungagung,6,0.51,8.04,27.84,0.1,47.07,8.04,0.58,73.53,22.1,81.88,25
2018,jawa timur,blitar,6,0.55,9.8,36.03,0.33,52.48,7.29,0.93,72.99,23.3,78.64,78
2018,jawa timur,kediri,6,0.78,12.25,40.35,0.15,42.62,7.81,0.74,72.25,33.5,76.31,138
2018,jawa timur,malang,6,0.84,11.04,37.61,0.16,50.38,7.31,1.1,72.12,28.3,75.69,151
2018,jawa timur,lumajang,5,0.54,10.87,48.29,0.16,55.18,6.33,1.19,69.5,28.1,74.28,182
2018,jawa timur,jember,5,0.6,11,43.96,0.07,51.26,6.22,0.84,68.54,30.9,74.02,190
2018,jawa timur,banyuwangi,6,0.53,8.64,25.96,0,47.89,6.98,2.1,70.19,26.2,78.93,73
2018,jawa timur,bondowoso,5,0.42,14.54,61.9,0,51.15,5.48,0.91,66.04,38.3,70.03,266
2018,jawa timur,situbondo,5,0.44,13.05,50.78,0,53.86,6.23,1.09,68.53,30.5,73.32,207
2018,jawa timur,probolinggo,5,0.69,20.52,42.89,0.18,45.49,5.83,1.29,66.47,32,69.75,271
2018,jawa timur,pasuruan,6,0.52,10.34,51.63,0.06,50.14,6.84,0.84,69.9,24.2,75.97,143
2018,jawa timur,sidoarjo,5,2.84,6.23,16.5,0,27.61,9.67,0.17,73.71,19,73.55,200
2018,jawa timur,mojokerto,6,0.66,10.19,32.62,0,36.49,8.25,0.33,72.1,29,80.09,54
2018,jawa timur,jombang,6,0.63,10.48,44.54,0,31.17,8.1,0.34,71.87,26.2,80.13,53
2018,jawa timur,nganjuk,6,0.4,11.98,45.53,0,32.79,7.57,0.9,71.11,25.9,80.07,55
2018,jawa timur,madiun,6,0.33,12.28,34.45,0.15,31.28,7.5,0.78,70.77,20.7,81.94,24
2018,jawa timur,magetan,6,0.35,10.48,26.3,0,27.15,7.81,0.43,72.16,24.8,84.1,8
2018,jawa timur,ngawi,6,0.24,14.91,40.89,0.1,37.66,6.82,0.84,71.74,26.9,79.37,65
2018,jawa timur,bojonegoro,6,0.35,14.34,44.22,0,22.8,6.84,1.04,70.83,19.2,81.4,30
2018,jawa timur,tuban,6,0.39,16.87,55.61,0.49,21.63,6.69,1.24,70.8,25.3,78.61,80
2018,jawa timur,lamongan,6,0.31,14.42,27.56,0,15.41,7.63,0.97,71.87,23,84.6,6
2018,jawa timur,gresik,6,0.77,12.8,26.52,0,8.6,8.75,0.45,72.36,19.8,84.7,5
2018,jawa timur,bangkalan,4,0.64,21.32,64.21,0.06,47.25,5.38,0.5,69.82,43,67.65,290
2018,jawa timur,sampang,5,0.7,23.56,59.09,0.09,40.19,4.95,1.62,67.67,26.4,68.69,280
2018,jawa timur,pamekasan,4,1.08,16,67.74,0,44.48,6.25,0.45,67.05,42.5,66.35,304
2018,jawa timur,sumenep,5,0.8,19.62,72.14,0.26,44.61,5.36,1.3,70.71,32.3,68.64,281
2018,jawa timur,kota kediri,5,50,8.49,44.53,0,34.28,9.52,0.04,73.69,25.6,69.15,57
2018,jawa timur,kota blitar,5,50,8.03,45.74,0,46.05,9.46,0.05,73.17,15.5,66.84,68
2018,jawa timur,kota malang,6,50,4.17,37.85,0,14.58,9.77,0.04,72.77,27.4,81.59,19
2018,jawa timur,kota probolinggo,5,0.84,7.84,40.79,0,20.6,8.13,0.06,69.86,30.4,68.69,61
2018,jawa timur,kota pasuruan,5,50,7.53,52.46,0,20.84,8.84,0.06,71.02,33.4,64.91,72
2018,jawa timur,kota mojokerto,6,50,5.73,44.15,0,18.65,9.77,0.04,72.86,10.3,79.45,26
2018,jawa timur,kota madiun,6,50,4.94,42.74,0,7.71,9.9,0.02,72.48,18.3,82.59,14
2018,jawa timur,kota surabaya,6,50,5.39,39.88,0,2.7,9.45,0.04,73.88,22.8,84.44,7
2018,jawa timur,kota batu,5,50,4.31,49.82,0,41.39,8.68,0.32,72.25,35.1,61.21,82
2018,banten,pandeglang,5,0.46,9.74,48.81,0.16,63.79,6.73,2.26,64.04,37.8,70.42,261
2018,banten,lebak,5,0.59,8.64,41.79,0.25,63.64,6.33,1.88,66.59,37.3,71.63,238
2018,banten,tangerang,5,2.55,5.39,21.6,0,28.58,7.97,0.27,69.47,28.8,71.1,250
2018,banten,serang,5,0.78,4.63,44.41,0,37.32,7.36,1.57,64.02,34.3,75.58,152
2018,banten,kota tangerang,6,50,4.95,46.28,0,13.82,9.86,0.04,71.38,23.3,76.84,35
2018,banten,kota cilegon,5,50,3.52,49.99,0,18.44,9.07,0.15,66.32,20.8,68.72,60
2018,banten,kota serang,4,50,5.57,52.85,0.18,28.75,8.32,0.16,67.38,31.7,59.16,85
2018,banten,kota tangerang selatan,6,50,1.76,38.78,0,23.91,11.24,0.03,72.16,23.9,83.33,12
2018,bali,jembrana,6,1.31,5.38,22.17,0,36.91,7.37,1.09,71.7,25.2,78.39,86
2018,bali,tabanan,6,0.59,4.92,8.91,0,23.15,8.19,0.44,73.03,16.2,88.3,1
2018,bali,badung,6,1.48,2.06,7.04,0,18.01,9.64,0.23,74.53,14.9,86.45,3
2018,bali,gianyar,6,0.81,4.46,1.38,0,23.05,8.41,0.19,73.06,22.5,87.16,2
2018,bali,klungkung,6,1.38,6.29,31.57,0.17,16.34,7.08,0.41,70.45,16.6,80.32,49
2018,bali,bangli,6,1.3,5.23,20.15,0.18,35.45,6.62,0.64,69.83,28.4,77.33,113
2018,bali,karangasem,6,0.84,6.55,53.92,0.68,34.1,5.39,0.4,69.85,23.6,76.89,124
2018,bali,buleleng,6,1.26,5.74,23.21,0.41,33.73,6.93,0.89,71.14,29,78.03,92
2018,bali,kota denpasar,6,50,2.27,38.33,0,3.12,10.47,0.03,74.17,9.5,92.81,1
2018,nusa tenggara barat,lombok barat,5,0.93,16.46,34.82,0.18,43.05,6.49,0.95,65.78,36.1,70.39,262
2018,nusa tenggara barat,lombok tengah,5,0.66,15.31,46.92,0.26,48.66,6.36,0.68,65.28,39.3,69.89,267
2018,nusa tenggara barat,lombok timur,4,0.83,18.28,48.4,0.11,54.66,6.76,0.63,65.01,35.1,67.4,293
2018,nusa tenggara barat,sumbawa,6,0.22,15.31,32.05,2.55,36.22,7.56,5.56,66.58,41.9,76.25,139
2018,nusa tenggara barat,dompu,6,0.26,13.43,38.5,1.1,31.9,8.24,5.54,65.89,38.3,77.43,109
2018,nusa tenggara barat,bima,5,0.33,15.1,42.39,1.76,35.98,7.72,4.81,65.4,36.6,75.15,166
2018,nusa tenggara barat,sumbawa barat,6,0.34,15.96,41.83,0.23,27.66,8.19,2.8,66.98,32.6,77.73,102
2018,nusa tenggara barat,lombok utara,4,0.78,32.06,39.9,0.23,53.39,6.06,1.88,66.17,37.6,63.34,321
2018,nusa tenggara barat,kota mataram,5,50,9.55,44.44,0.22,12.45,8.28,0.03,70.98,37.8,67.41,65
2018,nusa tenggara barat,kota bima,4,0.88,9.27,50.33,0.21,21.4,9.94,0.56,69.58,36.3,59.96,84
2018,nusa tenggara timur,sumba barat,3,0.63,29.28,67.05,42.4,68.52,6.99,2.24,66.2,38,57.92,340
2018,nusa tenggara timur,sumba timur,4,0.67,31.03,58.15,18.34,47.82,7.31,12.94,64.12,40.1,61.28,331
2018,nusa tenggara timur,kupang,4,0.99,22.91,50.17,22.68,51.6,7.64,5.37,63.49,47.2,61.5,328
2018,nusa tenggara timur,timor tengah selatan,3,0.92,29.44,70.29,43.07,60.5,6.43,17.6,65.65,53.5,53.86,363
2018,nusa tenggara timur,timor tengah utara,4,0.59,23.52,67.96,26.71,62.02,7.37,4.73,66.19,40.8,62.09,325
2018,nusa tenggara timur,belu,4,0.69,15.95,48.48,13.14,57.78,7.27,2.22,63.42,39.3,66.58,301
2018,nusa tenggara timur,alor,3,1.37,21.67,68.73,17.59,61.68,7.8,8.9,60.47,40.2,56.32,351
2018,nusa tenggara timur,lembata,4,0.65,26.48,58.3,19.86,46.25,7.55,2.98,66.19,40.8,64.65,312
2018,nusa tenggara timur,flores timur,5,1.23,10.75,54.88,2.36,46.27,7.32,2.6,64.45,29.9,68.75,279
2018,nusa tenggara timur,sikka,5,0.89,14.2,54.11,24.88,44.63,6.68,2.03,66.3,29.1,68.76,278
2018,nusa tenggara timur,ende,4,1.61,23.95,58.6,5.23,43.24,7.82,2.42,64.48,34.1,61.44,329
2018,nusa tenggara timur,ngada,5,0.38,12.77,42.9,14.1,48.24,8.18,2.02,67.36,35.9,74.11,188
2018,nusa tenggara timur,manggarai,4,0.96,21.91,56.96,15.78,46.52,7.23,1.62,65.84,50.3,63.38,320
2018,nusa tenggara timur,rote ndao,4,0.57,28.81,61.76,10.08,49.09,7.56,2.8,63.41,46.7,62.43,323
2018,nusa tenggara timur,manggarai barat,5,0.46,18.86,52.14,23.05,53.51,7.15,3.9,66.19,35,68.07,284
2018,nusa tenggara timur,sumba tengah,3,0.69,36.01,75.14,37.44,69.16,6.58,5.47,67.74,43.5,54.35,361
2018,nusa tenggara timur,sumba barat daya,3,0.72,30.13,82.23,51.16,68.49,5.77,5.13,67.76,38.7,54.86,357
2018,nusa tenggara timur,nagekeo,5,0.78,13.48,59.98,13.31,49.09,7.98,2.8,66.36,39.8,68.9,276
2018,nusa tenggara timur,manggarai timur,3,0.77,26.8,73.13,46.7,73.04,6.64,8.04,67.4,24.4,58.06,339
2018,nusa tenggara timur,sabu raijua,1,3.35,31.07,77.18,36.99,50.03,7.19,1.38,59,50,38.58,393
2018,nusa tenggara timur,malaka,3,2.07,16.52,51.93,23.81,70.22,6.8,1.96,64.29,44.6,54.45,360
2018,nusa tenggara timur,kota kupang,5,50,9.81,44.13,0.63,32.08,10.82,0.18,68.58,36.4,62.01,79
2018,kalimantan barat,sambas,6,0.53,8.59,32.9,0.66,48.85,6.71,4.9,68.17,37.1,75.77,149
2018,kalimantan barat,bengkayang,6,0.46,7.51,40.89,8.69,52.8,6.31,6.55,73.04,39.6,76.22,140
2018,kalimantan barat,landak,4,2.19,12.23,57.56,27.96,57.58,6.84,13.39,72.12,33.3,60.58,333
2018,kalimantan barat,mempawah,5,0.84,5.94,51.3,0.74,42.37,6.55,3.36,70.32,35.1,75.43,159
2018,kalimantan barat,sanggau,6,0.65,4.52,34.05,12.54,42.09,6.75,15.35,70.75,43,76.44,135
2018,kalimantan barat,ketapang,5,1.22,11.02,42.36,6.64,48.32,7.23,21.42,70.52,33,70.42,260
2018,kalimantan barat,sintang,5,1.18,10.2,33.99,25.02,46.29,6.65,26.91,71.11,44.1,68.92,275
2018,kalimantan barat,kapuas hulu,5,1.15,9.45,46.71,5.02,33.56,6.91,31.24,71.95,40.3,72.59,220
2018,kalimantan barat,sekadau,5,1.48,6.46,40.19,14.61,43.37,6.38,11.78,70.98,44.1,69.76,270
2018,kalimantan barat,melawi,4,1.84,12.54,63.43,20.24,45.64,6.29,20.36,72.39,37.9,63.47,318
2018,kalimantan barat,kayong utara,5,0.52,9.89,37.2,3.47,52.84,5.75,15.8,67.46,33.8,73.16,209
2018,kalimantan barat,kubu raya,5,0.98,5.26,35.86,0.75,45.18,7.23,8.55,69.8,34.8,75.56,153
2018,kalimantan barat,kota pontianak,5,50,5.31,46.7,0,30.96,9.64,0.04,72.17,28.4,70.31,52
2018,kalimantan barat,kota singkawang,4,50,5.42,49.05,0.74,33.15,7.47,0.46,71.13,31.1,57.97,87
2018,kalimantan tengah,kotawaringin barat,5,3.23,4.52,24.88,1.09,16.04,8.32,11.31,70.34,36.9,67.91,288
2018,kalimantan tengah,kotawaringin timur,5,1.42,6.24,26.76,2.84,23.35,7.88,18.15,69.7,41.8,75.5,155
2018,kalimantan tengah,kapuas,6,0.35,5.32,58.53,7.3,35.01,7.85,12.46,68.59,44.1,77.14,117
2018,kalimantan tengah,barito selatan,5,1.54,4.44,48.38,3.46,27,8.78,17.31,66.78,42,72.28,228
2018,kalimantan tengah,barito utara,6,1.19,5.21,29.54,4.56,27.61,7.96,13.79,71.27,37.2,77.78,97
2018,kalimantan tengah,sukamara,6,1.95,3.36,19.72,3.17,20.87,7.54,15.54,71.41,27.9,76.54,128
2018,kalimantan tengah,lamandau,6,0.52,3.52,33.7,4.94,39.94,7.86,13.18,69.28,37.6,79.27,66
2018,kalimantan tengah,seruyan,5,1.76,7.46,28.76,2.08,36.19,7.77,26.18,69.23,33.5,71.23,247
2018,kalimantan tengah,katingan,6,0.71,5.78,48.98,3.1,26.67,8.3,27.56,65.53,34.4,76.45,134
2018,kalimantan tengah,pulang pisau,6,0.22,5.19,42.26,0.78,30.33,7.75,18,67.86,35.4,80.91,42
2018,kalimantan tengah,gunung mas,3,4.2,5.83,49.75,18.84,27.53,8.97,26.36,70.15,48.1,54.48,359
2018,kalimantan tengah,barito timur,5,1.29,7.17,29.93,1.25,40.3,8.69,8.01,67.97,35.7,74.14,186
2018,kalimantan tengah,murung raya,4,1.8,5.88,45.35,13.88,41.09,7.33,33.81,69.39,46.7,66.4,303
2018,kalimantan tengah,kota palangka raya,6,50,3.62,44.8,0,10.11,10.24,1,73.13,33.8,72.24,48
2018,kalimantan selatan,tanah laut,6,0.36,4.6,29.71,0.15,43.16,7.44,3.78,68.89,40.6,79.76,59
2018,kalimantan selatan,kota baru,6,0.77,4.38,29.59,3.53,25.62,7.28,11.23,68.72,46.7,78.57,81
2018,kalimantan selatan,banjar,6,0.57,2.96,26.84,0.98,30.9,7.31,2.33,66.38,26.1,81.73,27
2018,kalimantan selatan,barito kuala,6,0.25,5.13,50.42,1.39,37.51,6.95,3.22,65.33,36.3,77.99,93
2018,kalimantan selatan,tapin,6,0.16,3.77,37.11,1.28,26.6,7.47,3.26,69.77,45.7,83,13
2018,kalimantan selatan,hulu sungai selatan,6,0.25,5.8,45.62,1.59,27.32,7.67,1.95,65.39,39.9,79.79,57
2018,kalimantan selatan,hulu sungai tengah,6,0.26,6.09,40.14,0.13,38.34,7.96,2.04,65.3,39.1,78.69,76
2018,kalimantan selatan,hulu sungai utara,6,0.5,6.65,29.64,0.38,26.73,7.57,1.29,62.94,39.4,78.42,85
2018,kalimantan selatan,tabalong,6,0.62,6.09,39.07,0,26.09,8.59,3.1,69.95,36.5,81.11,35
2018,kalimantan selatan,tanah bumbu,6,0.94,4.99,20.89,0,16.45,7.69,2.24,69.44,17.9,84.06,9
2018,kalimantan selatan,balangan,6,0.2,5.68,41.11,2.23,20.58,7.15,2.83,67.19,35.3,82.46,17
2018,kalimantan selatan,kota banjarmasin,6,50,4.19,47.88,0.34,4.45,9.46,0.02,70.55,31.5,75.82,39
2018,kalimantan selatan,kota banjarbaru,5,50,4.68,47.61,0,20.78,10.23,0.5,71.5,29.1,70.21,53
2018,kalimantan timur,paser,5,1.8,9.28,57.46,1.5,19.93,8.05,11.32,72.05,31.7,72.76,216
2018,kalimantan timur,kutai barat,5,2.16,8.72,27.62,6.53,32.71,8.05,20.91,72.37,31.5,70.64,257
2018,kalimantan timur,kutai kartanegara,6,1.23,7.57,52.25,0.41,7.78,8.88,14.45,71.68,30.9,79.5,61
2018,kalimantan timur,kutai timur,5,2.87,9.29,18.22,1.85,9.85,8.95,18.87,72.51,32.4,71.27,246
2018,kalimantan timur,berau,6,1.53,5.41,20.61,2.15,14.93,9.1,24.14,71.44,30.4,79.47,62
2018,kalimantan timur,penajam paser utara,6,1.41,7.63,10.51,0.34,15.75,7.96,5.07,70.82,31.8,80.18,51
2018,kalimantan timur,mahakam hulu,5,1.61,11.29,53.94,6.16,21.45,7.85,85.49,71.25,30.5,68.88,277
2018,kalimantan timur,kota balikpapan,6,50,2.82,41.81,0,3.78,9.8,0.17,73.97,30.2,83.62,9
2018,kalimantan timur,kota samarinda,6,50,4.77,41.71,0,2,10.07,0.23,73.71,28.8,82.56,15
2018,kalimantan timur,kota bontang,6,50,5.16,42.54,0.09,3.49,10.43,0.18,73.72,32.4,81.42,20
2018,kalimantan utara,malinau,6,1.09,8.06,11.59,5.33,17.67,8.83,56.15,71.39,31.6,79.4,64
2018,kalimantan utara,bulungan,6,0.91,9.93,20.28,1.15,17.57,8.74,15.84,72.51,27,82.44,18
2018,kalimantan utara,tana tidung,5,2.4,6.63,20.53,0.89,26.02,7.61,24.36,71.33,42.3,69.82,268
2018,kalimantan utara,nunukan,6,1.14,6.22,29.92,5.02,18.52,7.54,19.95,71.25,39.3,78.26,89
2018,kalimantan utara,kota tarakan,6,50,6.32,49.05,0.25,5.12,9.84,0.31,73.85,32.2,74.44,41
2018,sulawesi utara,bolaang mongondow,6,0.16,8.02,48.24,0,45.53,7.71,5.73,68.61,35.8,78.36,87
2018,sulawesi utara,minahasa,6,1.02,7.9,35.72,0.57,35.77,9.76,1.74,70.46,37.6,77.55,106
2018,sulawesi utara,kepulauan sangihe,2,4.32,11.8,62.98,6.49,55.11,8.57,0.86,69.35,22.2,50.96,371
2018,sulawesi utara,kepulauan talaud,4,2.52,9.77,43.69,2.46,50.87,8.84,2.37,69.48,37.5,63.62,317
2018,sulawesi utara,minahasa selatan,5,0.78,9.78,55.58,0,49.36,9.3,2.45,69.24,35.9,74.06,189
2018,sulawesi utara,minahasa utara,6,0.97,7.46,37.29,0.44,34.04,9.96,1.75,70.86,29.7,79.41,63
2018,sulawesi utara,bolaang mongondow utara,5,0.3,8.89,54.21,1.43,52.9,8.82,7.52,66.98,36.8,75.16,165
2018,sulawesi utara,siau tagulandang biaro,2,5,10.33,60.46,3.06,45.79,9.29,0.55,69.85,30.4,48.88,380
2018,sulawesi utara,minahasa tenggara,5,0.7,14.08,53.58,0,47.1,9.21,2.48,69.58,24.6,74.89,171
2018,sulawesi utara,bolaang mongondow selatan,4,1.31,14.16,53.11,0.29,43.85,7.68,9.67,64.03,51.3,64.9,310
2018,sulawesi utara,bolaang mongondow timur,6,0.83,6.2,35.97,0.22,40.06,7.65,4.63,67.32,22.3,77.77,99
2018,sulawesi utara,kota manado,6,50,5.46,49.24,0,7.83,10.68,0.06,71.34,27.3,77.25,34
2018,sulawesi utara,kota bitung,5,50,6.62,53.31,0,14.75,9.97,0.41,70.54,29.9,66.75,69
2018,sulawesi utara,kota tomohon,6,0.93,6.47,47.97,0,28.89,10.51,0.2,71.18,13.4,71.76,50
2018,sulawesi utara,kota kotamobagu,5,50,5.9,48.67,0,17.3,9.55,0.15,69.72,30.7,69.36,55
2018,sulawesi tengah,banggai kepulauan,2,5,15.92,38.6,12.7,39.04,7.93,5.72,64.53,37.3,44.84,387
2018,sulawesi tengah,banggai,6,0.46,9.2,33.31,2.18,47.27,8.17,12.35,70.02,31.5,77.96,95
2018,sulawesi tengah,morowali,6,0.6,14.55,29.62,2.69,37.88,8.84,5.05,68.07,34,76.49,130
2018,sulawesi tengah,poso,6,0.37,17.16,24.6,1.25,38.27,9.01,7.13,70.16,35.4,78.12,91
2018,sulawesi tengah,donggala,5,0.81,18.17,39.24,8.42,50.43,7.74,7.3,65.89,39.5,68.36,282
2018,sulawesi tengah,toli-toli,5,0.83,13.3,38.13,6.59,33.97,8.23,3.2,64.12,36.9,72.76,217
2018,sulawesi tengah,buol,4,1.52,16.65,43.08,6.35,40.02,8.69,6.97,67,41.3,66.85,299
2018,sulawesi tengah,parigi moutong,5,0.41,17.55,34.88,8.05,41.97,7.27,3.51,63.19,34.4,72.07,235
2018,sulawesi tengah,tojo una-una,4,1.6,18.15,41.55,9.37,44.83,8.1,6.64,64.07,38.4,63.73,316
2018,sulawesi tengah,sigi,5,0.48,12.66,37.1,5.62,49.98,8.28,5.81,68.72,36.4,74.82,173
2018,sulawesi tengah,banggai laut,2,5,16.17,37.57,1.52,43.32,8.11,1.37,63.62,33.4,45.42,385
2018,sulawesi tengah,morowali utara,5,0.61,15.73,28.42,6.07,44.29,8.53,15.71,68.34,36.5,73.96,194
2018,sulawesi tengah,kota palu,6,50,6.74,40.71,0.16,13.77,10.62,0.14,69.93,36.8,74.12,44
2018,sulawesi selatan,kepulauan selayar,5,1.17,13.28,60.67,2.03,40.28,7.41,2.36,67.82,30.2,70.18,263
2018,sulawesi selatan,bulukumba,6,0.46,7.97,35.31,0.51,43.38,7.7,1.39,66.96,31.8,77.88,96
2018,sulawesi selatan,bantaeng,6,0.33,9.66,17.87,0.81,28.71,7.34,1.2,69.9,38.1,82.1,23
2018,sulawesi selatan,jeneponto,5,0.34,15.4,56.93,0,28.36,6.91,1.81,65.65,35.9,74.94,169
2018,sulawesi selatan,takalar,6,0.52,9.24,22.92,0.14,26.28,7.42,0.9,66.38,33.3,80.15,52
2018,sulawesi selatan,gowa,6,0.34,8.42,33.3,0.4,30.64,8.18,2.5,69.95,36.8,81.54,29
2018,sulawesi selatan,sinjai,6,0.55,9.24,22.51,1.96,45.53,7.68,1.36,66.61,43.7,75.92,145
2018,sulawesi selatan,maros,6,0.28,11.14,18.12,0.49,27.65,7.82,2.44,68.6,41.2,81.32,31
2018,sulawesi selatan,pangkajene dan kepulauan,5,0.62,16.22,57.23,0.59,31.42,7.47,1.82,65.86,41.9,72.11,234
2018,sulawesi selatan,barru,6,0.42,9.71,15.48,1.98,33.17,8.18,1.11,68.3,31,81.59,28
2018,sulawesi selatan,bone,6,0.21,10.28,26.57,3.62,44.9,7.13,1.89,66.22,40.1,77.17,116
2018,sulawesi selatan,soppeng,6,0.22,8.29,35.95,3.05,42.57,7.88,2.9,68.72,38.7,79.09,72
2018,sulawesi selatan,wajo,6,0.14,7.38,25.18,0.88,32.95,7.06,3.02,66.52,36.8,81.24,33
2018,sulawesi selatan,sidenreng rappang,6,0.14,5.32,29.3,0.45,35.09,7.86,3.44,68.82,31.3,83.44,12
2018,sulawesi selatan,pinrang,6,0.16,8.46,31.06,0.34,36.22,7.87,2.83,68.68,38.1,81.01,38
2018,sulawesi selatan,enrekang,5,0.79,13.16,32.23,0,56.15,8.52,2.88,70.38,45.9,72.57,222
2018,sulawesi selatan,luwu,6,0.32,14.01,32.69,6.76,47.59,8.28,5.26,69.6,39.1,76.1,141
2018,sulawesi selatan,tana toraja,5,0.55,12.62,36.24,7.68,55.64,8.2,3.18,72.56,43,74.48,177
2018,sulawesi selatan,luwu utara,6,0.48,14.33,19.87,2.14,43.61,7.73,12.49,67.61,30.8,76.45,133
2018,sulawesi selatan,luwu timur,6,0.38,7.66,19.82,5.11,34.64,8.34,10.44,69.79,22.1,83,14
2018,sulawesi selatan,toraja utara,5,0.48,14.41,40.52,0.65,51.71,7.95,1.62,72.94,42.4,75.21,162
2018,sulawesi selatan,kota makassar,6,50,4.59,39.93,0.11,6.72,10.08,0.02,71.51,25.2,82.38,17
2018,sulawesi selatan,kota parepare,6,50,5.7,47.7,0.33,12.66,10.19,0.12,70.69,35.7,71.91,49
2018,sulawesi selatan,kota palopo,5,50,8.78,48.13,0,11.84,10.79,0.34,70.3,32.8,69.51,54
2018,sulawesi tenggara,buton,4,1.54,13.46,18.77,2.87,60.79,8.11,3,67.3,38.3,67.35,295
2018,sulawesi tenggara,muna,4,2.24,14.85,16.55,0.38,53.31,8.28,3.24,69.77,31.8,66,307
2018,sulawesi tenggara,konawe,6,0.29,15.65,54.03,1.52,36.04,9.05,6.28,69.52,29.6,77.51,107
2018,sulawesi tenggara,kolaka,6,0.52,13.78,22.41,3.35,30.75,8.63,3.5,70.05,31.9,79.96,56
2018,sulawesi tenggara,konawe selatan,6,0.55,11.14,20.55,1.65,42.38,7.6,7.96,69.98,37.4,77.75,101
2018,sulawesi tenggara,bombana,6,0.58,12.36,28.18,4.23,34.55,7.19,7.2,67.82,40.1,76.03,142
2018,sulawesi tenggara,wakatobi,5,1.52,16.19,22.73,1.23,37.08,7.85,0.93,69.59,26.4,72.23,231
2018,sulawesi tenggara,kolaka utara,4,2.3,16.24,30.08,13.48,39.03,7.77,3.19,69.74,36.5,64.33,313
2018,sulawesi tenggara,buton utara,5,0.58,15.58,26.16,15.17,42.79,8.08,3.38,70.38,44.5,74.25,184
2018,sulawesi tenggara,konawe utara,6,0.46,13.93,24.34,2.03,54.59,8.81,13.55,68.69,29.9,75.76,150
2018,sulawesi tenggara,kolaka timur,6,0.44,15.64,11.94,1.66,28.42,8.61,6.1,71.66,37.3,81.09,37
2018,sulawesi tenggara,konawe kepulauan,4,2.01,18.1,17.16,11.02,45.04,9.08,5.5,67.88,43.6,64.77,311
2018,sulawesi tenggara,muna barat,3,5,16.24,13.31,7.78,20.97,7.58,1.66,69.79,31.7,52.95,366
2018,sulawesi tenggara,buton tengah,2,5,18.35,23.64,2.88,5.94,4.43,1.69,67.17,48.8,49.11,378
2018,sulawesi tenggara,buton selatan,2,5,15.99,22.56,24.05,21.97,7.04,0.97,67.17,43.5,48.07,382
2018,sulawesi tenggara,kota kendari,6,50,5.01,41.71,0.24,13.88,11.47,0.16,73.02,37.1,79.03,28
2018,sulawesi tenggara,kota bau-bau,5,50,8.39,41.41,0.09,16.79,9.95,0.44,70.5,33.7,68.98,58
2018,gorontalo,boalemo,5,0.89,21.85,28.53,7.52,48.25,6.78,3.44,67.86,32.4,69.24,273
2018,gorontalo,gorontalo,5,0.69,17.65,21.77,4.15,48.37,7.66,1.99,66.69,32.4,72.79,215
2018,gorontalo,pohuwato,5,1.14,21.27,31.45,1.58,13.98,7.54,7.61,62.86,33.2,71.29,245
2018,gorontalo,bone bolango,5,2.01,17.81,24.05,1.64,35.42,8.44,3.31,67.71,25.6,68.24,283
2018,gorontalo,gorontalo utara,5,0.44,19.23,36.66,3.84,39.2,7.29,4.22,65.12,27.4,73.53,201
2018,gorontalo,kota gorontalo,6,50,5.7,40.14,0,12.18,10.2,0.08,71.79,36.2,77.58,33
2018,sulawesi barat,majene,4,1.73,13.94,41.94,6.17,39.63,8.85,2.33,60.79,43.9,64.02,314
2018,sulawesi barat,polewali mandar,5,0.39,16.05,45.51,0.54,45.28,7.33,2.88,61.76,38.7,70.87,252
2018,sulawesi barat,mamasa,4,0.6,13.51,53.96,5.67,80.88,8.06,7.24,70.48,44.1,67.32,296
2018,sulawesi barat,mamuju,6,0.45,6.88,27.97,5.25,44.77,7.7,3.79,66.65,38.2,77.37,111
2018,sulawesi barat,mamuju utara,5,0.88,4.84,25.57,7.51,38.9,7.46,8,65.33,39.9,75.28,161
2018,sulawesi barat,mamuju tengah,6,0.56,6.95,27.3,9.83,44.55,7.39,3.19,67.52,39.1,76.52,129
2018,maluku,maluku tenggara barat,1,5,27.47,58.08,15.95,54.01,9.17,18.29,63.06,31.7,36.57,395
2018,maluku,maluku tenggara,4,2.08,23.87,9.15,16.53,53.25,9.38,8.03,64.61,26.6,61.85,327
2018,maluku,maluku tengah,4,1.24,21.2,41.44,1.59,50.88,9.46,10.15,66.06,32,66.68,300
2018,maluku,buru,5,0.68,17.4,27.15,5.51,47.68,8.66,13.93,66.03,31.8,72.24,230
2018,maluku,kepulauan aru,1,5,27.13,34.62,42.03,53.89,8.39,15.46,62.34,34.2,35.76,396
2018,maluku,seram bagian barat,3,1.51,25.49,38.68,12.62,65.58,8.77,7.19,60.96,29.1,58.51,336
2018,maluku,seram bagian timur,3,2.09,23.59,50.45,16.03,62.95,7.87,6.33,58.56,41.1,51.89,368
2018,maluku,maluku barat daya,2,2.76,30.18,45.79,23.88,72.53,8.32,15.19,61.62,34.8,45.55,383
2018,maluku,buru selatan,3,2.38,16.83,44.97,12.99,63.71,7.48,12.85,65.74,31,56.9,349
2018,maluku,kota ambon,5,50,4.46,46.48,0.68,30.4,11.35,0.26,69.92,22.1,70.46,51
2018,maluku,kota tual,1,50,24,49.6,5.66,43.49,10.11,0.69,64.61,30.3,24.44,97
2018,maluku utara,halmahera barat,4,2.67,8.74,28.73,1.7,61.06,7.89,3.9,65.55,23.6,62.13,324
2018,maluku utara,halmahera tengah,4,1.11,14.15,23.58,11.82,58.61,8.42,10.35,62.8,32.7,67.48,292
2018,maluku utara,kepulauan sula,3,2.74,8.59,50.39,15.56,48.78,8.74,8.2,62.6,39.4,57.87,341
2018,maluku utara,halmahera selatan,5,1.23,4.1,19.86,8.69,52.02,7.48,10.07,65.2,28.4,72.93,211
2018,maluku utara,halmahera utara,6,1.15,4.22,27.77,0.87,48.04,8.34,6.45,68.94,16.9,77.61,105
2018,maluku utara,halmahera timur,5,0.56,15.25,28.41,3.08,54.35,7.84,17.34,67.85,24.2,73.86,197
2018,maluku utara,pulau morotai,5,0.65,7.07,42.75,8,57.9,6.68,7.09,66.28,29,72.79,214
2018,maluku utara,pulau taliabu,2,3.61,7.17,35.57,35.02,68.36,7.48,13.35,61.32,16.6,50.9,372
2018,maluku utara,kota ternate,6,50,2.73,42.2,0,14.89,11.08,0.12,70.27,24.4,80.87,24
2018,maluku utara,kota tidore kepulauan,3,50,5.45,55.88,0,50.3,9.57,1,68.64,17.5,51.15,92
2018,papua barat,fakfak,1,5,25.96,57.36,4.68,34.79,9.53,100,67.95,31.3,39.29,392
2018,papua barat,kaimana,2,5,17.22,13.61,25.48,36.33,9.37,38.53,63.99,31.1,45.54,384
2018,papua barat,teluk wondama,1,5,36.37,25.82,16.58,57.8,9.36,15.33,59.26,38.6,33.22,398
2018,papua barat,teluk bintuni,1,5,34.32,26.26,6.3,34.26,8.72,67.05,59.83,24.9,37.23,394
2018,papua barat,manokwari,4,2.22,24.32,19.2,6.69,51.57,9.42,5.88,68,36.8,61.41,330
2018,papua barat,sorong selatan,2,5,19.66,41.67,13.24,34.52,8.17,16.46,65.63,36.8,44.02,389
2018,papua barat,sorong,3,2.67,32.86,26.02,9.97,27.85,8.78,64.13,65.52,28.4,55.02,355
2018,papua barat,raja ampat,3,3.19,20,20.22,11.1,42.63,8.64,24.26,64.26,36.9,54.99,356
2018,papua barat,tambrauw,1,5,35.99,42.91,7.18,65.65,6.95,100,59.29,37.3,26.03,407
2018,papua barat,maybrat,1,5,34.87,21.68,6.02,73.6,8.95,100,64.8,20.5,32.55,399
2018,papua barat,manokwari selatan,3,1.19,34.02,39.12,10.97,60.3,7.42,100,66.96,39.5,54.3,362
2018,papua barat,pegunungan arfak,1,4,39.23,50.27,72.79,56.07,4.68,55.55,66.72,43.5,30.25,401
2018,papua barat,kota sorong,4,50,17.78,42.23,0.43,9.89,10.96,1,69.67,32.7,58.4,86
2018,papua,merauke,6,0.28,10.81,22.54,5.3,32.97,7.72,65.52,66.56,17.6,78.53,82
2018,papua,jayawijaya,3,0.66,38.62,30.76,42.07,42.7,5.6,4.34,58.67,39,57.05,347
2018,papua,jayapura,4,3.28,13.01,36.13,2.93,36.75,8.74,7.79,66.47,27.9,60.04,334
2018,papua,nabire,5,0.55,25.38,30.34,7.36,25.36,8.89,6.49,67.55,31.4,74.41,178
2018,papua,kepulauan yapen,3,2.94,26.82,58.67,29.6,39.92,8.12,10.04,68.71,41.9,51.6,369
2018,papua,biak numfor,2,5,25.44,56,1.36,30.18,8.85,38.77,67.87,34.2,42.87,390
2018,papua,paniai,2,0.66,37.4,54.53,68.03,58.51,3.14,65.26,65.7,42.3,49.35,377
2018,papua,puncak jaya,1,5,36.01,60.55,85.09,72.22,4.25,11.18,64.41,27.8,23.81,409
2018,papua,mimika,3,5,14.89,36.46,1.85,6.35,8.89,2.36,71.93,32.2,55.78,353
2018,papua,boven digoel,2,3.21,19.9,37.86,8.37,39.28,8.08,50.55,58.77,31.8,50.69,373
2018,papua,mappi,1,5,25.75,67.23,73.14,62.36,5.83,40.43,64.3,31.4,28.34,403
2018,papua,asmat,1,5,27.16,74.2,18.71,48.54,4.31,79.77,56.32,25.9,27.91,405
2018,papua,yahukimo,1,3.36,39.33,52.1,97.09,81.44,2.78,41.85,65.32,34.4,28.31,404
2018,papua,pegunungan bintang,1,5,30.6,69.1,65.78,44.15,4.88,49.48,63.9,39.3,27.71,406
2018,papua,tolikara,1,3.14,32.73,75.48,88.93,86.42,2.62,24.68,65.1,41,29.83,402
2018,papua,sarmi,1,5,13.75,37.88,18.15,44.49,8.47,100,65.82,35.7,40.76,391
2018,papua,keerom,3,3.31,16.69,20.18,4.46,34.36,7.32,26.02,66.18,26.6,58.44,337
2018,papua,waropen,2,2.98,30.82,39.16,6.97,55.81,7.89,27.12,65.82,28.1,50.18,375
2018,papua,supiori,1,5,37.4,45.35,25.79,40.95,7.83,3.17,65.33,38.1,35.55,397
2018,papua,mamberamo raya,1,5,29.88,71.73,56.12,60.32,5.42,100,56.9,29,21.94,411
2018,papua,nduga,1,5,37.29,77.33,93.51,98.75,1.57,69.14,54.6,37.8,7.38,416
2018,papua,lanny jaya,1,5,39.6,42.77,96.91,98.23,3.71,14.39,65.65,28.6,19.08,414
2018,papua,mamberamo tengah,1,5,36.38,22.34,61.08,100,2.1,34.97,62.92,26,21.63,412
2018,papua,yalimo,1,5,34.97,23.33,14.18,73.28,2.58,22.6,64.94,33.2,30.71,400
2018,papua,puncak,1,5,37.46,89.55,84.85,33.55,2.25,42.62,65.13,29.8,24.21,408
2018,papua,dogiyai,1,5,30.36,60.68,96.4,88.03,4.47,26.24,65.12,43.9,20.33,413
2018,papua,intan jaya,1,5,42.23,91.1,88.94,96.98,1.4,86.18,65.09,45.5,7.81,415
2018,papua,deiyai,1,5,43.63,55.44,55.35,59.74,1.95,12.45,64.63,37.7,23.29,410
2018,papua,kota jayapura,5,50,11.46,44.63,0.12,12.5,9.55,0.91,70,31.6,61.47,81
2020,aceh,simeulue,5,1.19,18.99,36.31,0.21,22.18,8.84,2.75,65.22,28.21,72.43,267
2020,aceh,aceh singkil,3,3.97,20.78,39.47,0,42.4,8.76,2.79,67.36,20.05,53.14,371
2020,aceh,aceh selatan,5,0.8,13.09,54.14,0.77,42.92,9.01,5.08,64.27,26.73,71.92,271
2020,aceh,aceh tenggara,5,0.26,13.43,58.42,0.4,49.34,8.71,6.14,68.04,42.83,73.95,242
2020,aceh,aceh timur,5,0.55,14.47,58.23,0.87,44.3,8.16,3.09,68.67,25.5,74.1,238
2020,aceh,aceh tengah,5,1.54,15.5,27.05,0.08,36.6,9.79,3.35,68.82,42.87,71.07,276
2020,aceh,aceh barat,6,0.71,18.79,20.21,0.48,20.25,8.92,2.73,67.93,24.28,78.61,165
2020,aceh,aceh besar,6,0.4,13.92,37.93,0.84,7.72,10.55,1.96,69.77,28.81,83.99,48
2020,aceh,pidie,5,0.33,19.46,55.08,0.32,35.15,8.28,1.54,66.89,26.9,74.57,229
2020,aceh,bireuen,6,0.48,13.56,43.11,0.84,32.4,9.85,0.81,71.16,32.88,79.43,149
2020,aceh,aceh utara,6,0.28,17.39,54.59,0,41.08,8.93,1.07,68.79,24.21,76.2,208
2020,aceh,aceh barat daya,6,0.37,16.26,42.51,0.41,31.27,8.96,2.23,64.91,26.35,76.6,205
2020,aceh,gayo lues,5,0.52,19.87,36.15,0.7,28.07,8.25,8.25,65.38,29.16,74.68,226
2020,aceh,aceh tamiang,6,0.74,13.38,43.4,0.57,22.02,9.26,2.52,69.52,24.87,78.99,159
2020,aceh,nagan raya,5,0.78,17.97,36.74,0,36.54,9.13,4.93,69.14,26.46,75,221
2020,aceh,aceh jaya,6,0.3,13.36,41.55,0.94,28.09,9.06,7.09,67.11,25.3,79.42,150
2020,aceh,bener meriah,2,5,19.3,37.74,1.89,33.82,10.05,1.69,69.19,28.15,49.6,376
2020,aceh,pidie jaya,6,0.3,19.31,49.05,0.18,32.44,9.36,1.32,70.06,27.87,77.66,187
2020,aceh,kota banda aceh,6,50,7.22,5.45,0,0,12.39,0.03,71.36,22.4,85.32,4
2020,aceh,kota sabang,5,36.23,15.6,19.15,0.57,1.63,11.01,0.4,70.45,19.79,65.87,82
2020,aceh,kota langsa,6,5.13,10.57,13.92,0,8.72,11.24,0.29,69.37,23.19,70.89,67
2020,aceh,kota lhokseumawe,5,3.12,11.18,20.92,0.21,1.93,10.49,1,71.52,29.83,63.26,84
2020,aceh,kota subulussalam,1,2.08,17.95,32.13,0,54.91,8.85,1,63.94,41.81,24.53,98
2020,sumatera utara,nias,4,0.77,15.94,43.17,22.39,81.81,5.57,2.38,69.68,56.21,62.84,339
2020,sumatera utara,mandailing natal,5,0.81,9.11,59.87,5.56,52.43,8.85,3.06,62.51,49.91,68.37,301
2020,sumatera utara,tapanuli selatan,5,0.47,8.6,56.65,2.85,46.51,9.22,6.97,64.82,27.34,74.81,224
2020,sumatera utara,tapanuli tengah,5,1.31,12.53,44.66,3.69,42.18,8.63,1.66,67.08,36.32,70.13,288
2020,sumatera utara,tapanuli utara,6,0.34,9.48,60.34,1.45,37.19,9.59,2.8,68.46,36.37,77.84,183
2020,sumatera utara,toba samosir,6,0.22,8.6,50.46,1.48,40.7,10.23,2.39,69.93,28.27,80.8,113
2020,sumatera utara,labuhanbatu,6,1.17,8.44,28.11,0.11,28.72,9.09,1.93,69.86,34.58,77.75,186
2020,sumatera utara,asahan,5,1.93,9.68,30.07,0.42,24.34,8.77,2.01,68.11,23.64,73.11,256
2020,sumatera utara,simalungun,6,0.43,8.81,40.79,0.88,39.75,9.64,2.33,71.07,32.38,80.34,121
2020,sumatera utara,dairi,6,0.33,7.7,55.91,2.22,42.81,9.45,2.2,68.79,39.27,77.86,181
2020,sumatera utara,karo,6,0.18,8.23,58.59,2.15,24.41,9.89,1.86,71.27,28.13,83.37,64
2020,sumatera utara,deli serdang,6,1.03,3.89,29.06,0.06,12.34,10.11,0.69,71.61,30.97,84.3,41
2020,sumatera utara,langkat,6,1.03,9.91,39.18,0.12,23.33,8.51,1.97,68.59,18.21,78.4,170
2020,sumatera utara,nias selatan,4,0.69,16.45,36.87,24.78,66.15,6.05,1.49,68.58,57,65.62,328
2020,sumatera utara,humbang hasundutan,6,0.31,8.75,56.03,0.65,46.21,9.49,3.45,69.06,39.29,77.29,197
2020,sumatera utara,pakpak barat,5,0.8,9.27,42.69,2.09,56.28,8.76,4.15,65.59,39.04,71.65,273
2020,sumatera utara,samosir,6,0.3,12.52,54.42,1.07,58.74,8.6,3.73,71.16,23.17,75.92,213
2020,sumatera utara,serdang bedagai,6,0.17,7.9,30.32,0.28,28.25,8.53,1.46,68.46,34.22,83.03,70
2020,sumatera utara,batu bara,6,0.95,12.14,33.92,0.16,28.38,8.42,1.67,66.75,22.55,76.57,206
2020,sumatera utara,padang lawas utara,5,1.51,9.6,48.71,1.54,47.76,9.12,5.89,67.06,49.28,67.99,307
2020,sumatera utara,padang lawas,5,1.32,8.28,44.48,2.61,51.81,8.98,3.62,66.98,41.95,69.83,290
2020,sumatera utara,labuhanbatu selatan,3,5,8.94,23.26,0.29,24.46,9,3.53,68.64,33.16,54.78,364
2020,sumatera utara,labuhanbatu utara,5,1.35,9.57,42.8,0.8,39.13,8.36,4.5,69.37,29.69,73.09,257
2020,sumatera utara,nias utara,5,0.46,24.99,37.14,17.44,61.04,6.32,1.8,69.29,26.57,68.1,306
2020,sumatera utara,nias barat,3,1.43,25.51,54.56,11.25,81.37,6.42,1.09,68.82,43.95,56.49,358
2020,sumatera utara,kota sibolga,5,50,12.36,34.41,0,4.9,10.41,0.06,68.77,12.55,67.84,76
2020,sumatera utara,kota tanjungbalai,4,44.1,14.04,51.74,0,3.42,9.7,0.17,63.02,19.29,53.21,94
2020,sumatera utara,kota pematangsiantar,6,3.04,8.63,20.57,0.34,7.64,10.99,0.04,73.33,11.02,78.7,43
2020,sumatera utara,kota tebingtinggi,5,4.36,9.94,20.39,0,26.68,10.27,0.02,70.76,13.92,68.12,75
2020,sumatera utara,kota medan,6,50,8.08,17.05,0.11,2,11.5,0.04,72.98,11.69,83.12,20
2020,sumatera utara,kota binjai,6,4.33,5.66,23.53,0,10.36,10.55,0.03,72.25,15.19,78.16,45
2020,sumatera utara,kota padangsidimpuan,5,1.72,7.26,24.99,0.37,38.88,10.94,0.1,69.15,21.4,61.64,86
2020,sumatera utara,kota gunungsitoli,3,2.03,16.23,18.41,1.86,19.09,8.47,0.45,71.02,25.91,49.53,95
2020,sumatera barat,kepulauan mentawai,2,3.72,14.43,54.99,25.81,68.08,7.18,13.48,64.68,27.19,46.67,382
2020,sumatera barat,pesisir selatan,6,0.35,7.88,30.48,0.7,22.69,8.82,5.38,70.73,22.28,84.65,37
2020,sumatera barat,solok,6,0.37,7.98,43.96,1.11,31.94,8.05,3.55,68.34,35.45,79.57,145
2020,sumatera barat,sijunjung,6,0.83,7.04,29.45,0.87,32.3,8.51,5.44,66.02,29.38,77.85,182
2020,sumatera barat,tanah datar,6,0.27,4.66,38.34,1.65,26.26,8.99,1.48,69.73,22.05,84.88,35
2020,sumatera barat,padang pariaman,6,0.43,7.1,36.57,0.69,35.29,8.15,1.18,68.58,21.9,80.99,111
2020,sumatera barat,agam,6,0.38,6.75,31.96,0.95,32.28,9.26,2.1,72.17,25.21,84.1,45
2020,sumatera barat,lima puluh kota,6,0.39,6.97,41.28,1.11,36.68,8.14,4.9,69.7,28.94,80.42,117
2020,sumatera barat,pasaman,6,0.26,7.21,44.98,1.5,34.13,8.61,4.69,67.18,35.67,79.73,141
2020,sumatera barat,solok selatan,6,0.29,7.33,32.25,2.15,37.51,8.42,5.56,67.58,23.27,81,110
2020,sumatera barat,dharmasraya,6,1.25,6.29,19.2,0.66,39.42,8.86,4.64,71.1,25.46,78.13,178
2020,sumatera barat,pasaman barat,6,0.45,7.14,45.51,0.9,40.76,8.89,3.53,67.67,31.66,78.35,171
2020,sumatera barat,kota padang,6,2.77,4.48,11.93,0,9.87,11.09,0.16,73.57,20.65,82.12,26
2020,sumatera barat,kota solok,6,0.9,3.24,23.94,0,1.71,10.54,0.1,73.45,21.7,82.02,28
2020,sumatera barat,kota sawahlunto,5,1.17,2.17,21.24,1.27,15.22,10.13,0.67,69.87,18.98,67.36,77
2020,sumatera barat,kota padang panjang,6,2.19,5.6,8.38,0.03,5.23,11.08,0.05,72.77,25.06,82.32,25
2020,sumatera barat,kota bukittinggi,6,4.13,4.6,6.45,0,2.88,11.3,0.02,74.22,15.79,89.01,2
2020,sumatera barat,kota payakumbuh,6,1.08,5.68,19.87,0,2.61,10.91,0.13,73.61,17.7,82.06,27
2020,sumatera barat,kota pariaman,6,1.04,4.76,23.86,0.28,17.51,10.59,0.12,70.15,16.35,72.87,59
2020,riau,kuantan singingi,5,2.78,9.56,24.86,1.69,28.66,8.82,6.34,68.44,20.24,67.85,308
2020,riau,indragiri hulu,4,3.51,6.06,16.03,2.84,21.61,8.54,5.76,70.2,26.5,66.58,319
2020,riau,indragiri hilir,4,1.42,6.54,33.23,8.7,74.85,7.66,6.95,67.66,26.49,67.48,312
2020,riau,pelalawan,4,4.39,9.62,28.85,3.17,13.37,8.65,11.63,71.03,22.97,60.51,346
2020,riau,siak,6,2.36,5.03,12.28,0.81,14.05,9.54,6.82,71.03,17.25,77.12,199
2020,riau,kampar,3,5,7.71,25.7,0.14,32.49,9.24,5.84,70.64,23.07,55.51,362
2020,riau,rokan hulu,3,5,10.53,28.41,2,33.41,8.74,7.02,69.89,24.37,53.24,370
2020,riau,bengkalis,4,3.27,6.27,20.92,0.58,38.65,9.26,4.78,71.11,26.55,65.95,324
2020,riau,rokan hilir,4,2.87,7.01,25.8,2.09,38.9,8.6,5.24,70.17,28.87,66.63,318
2020,riau,kepulauan meranti,1,5,26.93,15.87,5.25,92.21,7.58,6.26,67.53,25.1,37.58,394
2020,riau,kota pekanbaru,6,10.53,2.52,12.68,1.2,3.52,11.25,0.15,72.22,14.03,82.85,22
2020,riau,kota dumai,5,16.65,3.56,17.61,0.87,12.1,9.96,1,70.82,15.14,68.15,74
2020,jambi,kerinci,6,0.36,7.13,31.7,0,33.76,8.08,5.38,69.82,33.85,81.46,98
2020,jambi,merangin,5,1.5,8.48,33.3,0.45,53.94,7.9,4.94,71.18,15.38,72.79,261
2020,jambi,sarolangun,5,2.31,8.45,34.82,1.44,46.17,7.94,5.66,69.09,10.48,68.33,302
2020,jambi,batang hari,4,2.79,9.75,37.32,1.05,42.03,8.3,6.69,70.44,18.22,65.53,330
2020,jambi,muaro jambi,4,4.46,3.83,37.01,0.58,29.7,8.63,5.43,71.18,11.5,60.53,345
2020,jambi,tanjung jabung timur,5,0.89,11.54,34.63,2.68,67.22,6.76,7.23,66.08,20.05,69.79,292
2020,jambi,tanjung jabung barat,4,1.69,10.56,45.34,3.95,59.33,7.79,4.13,68.03,21.81,66.92,315
2020,jambi,tebo,5,2.46,6.47,31.85,1.26,42.67,7.74,9.5,69.91,18.37,68.33,303
2020,jambi,bungo,5,2.84,5.6,24.98,1.8,28.81,8.2,3.15,67.61,11.54,69.06,296
2020,jambi,kota jambi,6,22.47,8.12,21.41,0,8.57,10.89,0.05,72.57,18.28,76.9,49
2020,jambi,kota sungai penuh,5,0.44,2.81,26.79,0.21,10.56,10.24,0.73,72.01,24.93,70.38,68
2020,sumatera selatan,ogan komering ulu,5,1.33,12.77,27.74,0.38,30.65,8.9,2.59,68.01,31.56,74.23,235
2020,sumatera selatan,ogan komering ilir,6,0.31,15.01,30.95,0.37,42.24,7.16,7.53,68.41,38.06,76.12,210
2020,sumatera selatan,muara enim,5,1.22,12.41,30.39,0,39.74,8,3.56,68.63,38.62,72.7,262
2020,sumatera selatan,lahat,5,0.98,15.92,32.18,0,51.16,8.52,6.38,65.76,29.53,70.55,285
2020,sumatera selatan,musi rawas,6,0.57,13.37,24.93,1.57,33.12,7.71,4.39,67.86,32.87,77.53,193
2020,sumatera selatan,musi banyuasin,5,0.74,16.41,21.83,1.1,40.09,7.66,7.47,68.54,29.55,75.03,220
2020,sumatera selatan,banyu asin,6,0.16,11.33,31.45,2.76,51.19,7.51,6.97,68.76,28.28,77.9,179
2020,sumatera selatan,ogan komering ulu selatan,5,0.3,10.53,53.68,1.78,59.57,7.72,5.19,66.76,25.1,73.86,244
2020,sumatera selatan,ogan komering ulu timur,6,0.18,10.43,15.36,0.21,44.69,7.68,1.4,68.87,25.83,81.22,104
2020,sumatera selatan,ogan ilir,5,1.04,13.31,27.9,1.05,30.7,8.21,1.78,65.21,35.56,73.83,245
2020,sumatera selatan,empat lawang,4,0.72,12.3,52.37,5.1,80.42,7.48,2.8,64.81,34.26,65.75,327
2020,sumatera selatan,penukal abab lematang ilir,5,1.63,13.47,26.74,0,35.08,7,2.05,68.07,37.57,70.18,287
2020,sumatera selatan,musi rawas utara,2,3.91,19.12,38.96,2.9,49.8,6.68,7.23,65.43,31.61,49.7,375
2020,sumatera selatan,kota palembang,6,22.75,10.9,16.56,0.15,3.44,10.37,0.06,70.54,22.91,72.57,60
2020,sumatera selatan,kota prabumulih,5,14.09,11.61,16.68,0,29.88,9.62,0.15,70.09,23.21,61.23,87
2020,sumatera selatan,kota pagar alam,3,1.73,8.9,32.17,0,49.78,9.4,1,66.41,28.2,41.62,96
2020,sumatera selatan,kota lubuklinggau,4,4.17,12.95,15.84,0.13,38.3,10.14,0.44,69.04,28.3,53.37,93
2020,bengkulu,bengkulu selatan,5,0.3,18.54,42.35,0.38,51.84,9.03,1.1,67.79,25.22,74.54,230
2020,bengkulu,rejang lebong,5,1.05,15.95,28.07,1.58,62.78,9.04,1.62,68.37,24.62,70.64,284
2020,bengkulu,bengkulu utara,5,1.49,11.65,27.66,0.78,64.65,7.82,4.59,68.04,27.62,68.15,305
2020,bengkulu,kaur,5,0.72,18.89,32.49,2.01,54.2,8.31,4.25,66.5,30.53,70.68,282
2020,bengkulu,seluma,4,0.67,19.1,31.27,2.62,72.4,7.77,2.83,67.56,40.13,67.72,310
2020,bengkulu,mukomuko,5,1.16,11.7,21.64,0.67,53.68,8.11,4.46,66.51,31.38,71.46,275
2020,bengkulu,lebong,6,0.35,11.77,49.37,0.81,33.83,8.01,4.07,63.12,24.67,76.09,211
2020,bengkulu,kepahiang,5,1.03,14.74,28.24,2.38,67.08,8.16,0.94,67.78,34.71,68.99,297
2020,bengkulu,bengkulu tengah,4,2.05,8.8,30.81,2.31,54.75,7.32,2.15,68.12,22.03,67.24,314
2020,bengkulu,kota bengkulu,5,10.23,18.09,6.82,0.34,14.39,11.64,0.07,70.04,17.3,67.24,78
2020,lampung,lampung barat,5,0.86,12.92,25.98,1.07,44.7,7.94,2.9,67.43,34.34,74.02,240
2020,lampung,tanggamus,5,0.84,12.05,38.4,0.3,41.89,7.46,2.35,68.4,27.39,74.67,227
2020,lampung,lampung selatan,6,0.29,14.31,34.32,0.08,32.59,7.6,0.43,69.2,30.39,79.23,153
2020,lampung,lampung timur,6,0.13,15.24,22.7,0.15,46.53,7.59,3.78,70.61,26.12,79.5,148
2020,lampung,lampung tengah,6,0.16,12.03,31.46,0.22,47.76,7.83,1.41,69.75,21.41,79.83,140
2020,lampung,lampung utara,5,0.16,19.9,42.37,0.89,67.45,8.09,1.62,69.05,38.56,71.51,274
2020,lampung,way kanan,5,0.35,13.07,35.47,0.12,65.47,7.15,2.93,69.27,37.58,73.34,252
2020,lampung,tulangbawang,6,0.17,9.35,20.26,0.96,31.44,7.52,3.71,69.88,33.85,82.83,77
2020,lampung,pesawaran,6,0.29,15.19,28.01,0.17,29.15,7.75,2.6,68.88,25.84,80.15,128
2020,lampung,pringsewu,6,0.5,10.15,29,0,16.14,8.23,0.43,69.85,21.03,83.79,53
2020,lampung,mesuji,6,0.14,7.47,18.16,1.05,26.81,6.64,3.38,68.04,29.34,83.66,57
2020,lampung,tulang bawang barat,6,0.15,7.75,22.95,0,72.18,7.24,1.57,69.88,28.34,77.58,190
2020,lampung,pesisir barat,5,0.41,14.48,44.77,4.02,47.01,8.11,4.83,63.27,25.45,72.93,258
2020,lampung,kota bandar lampung,6,50,8.71,16.62,0.09,15.57,10.58,0.06,71.28,24.25,71.62,63
2020,lampung,kota metro,6,1.94,8.68,9.24,0,15.81,10.68,0.06,71.55,14.22,76.76,51
2020,kepulauan bangka belitung,bangka,6,1.76,4.92,20.61,0.37,15.2,8.34,1.84,70.99,20.86,79.3,152
2020,kepulauan bangka belitung,belitung,4,5,6.29,6.63,0.46,12.42,8.59,2.88,70.94,15.76,61.15,341
2020,kepulauan bangka belitung,bangka barat,5,2.6,2.67,17.69,0.36,24.75,7.31,3.85,69.99,23.3,72.53,264
2020,kepulauan bangka belitung,bangka tengah,4,5,5.02,17.62,0,13.65,7.77,3.51,71.16,20.65,59.8,349
2020,kepulauan bangka belitung,bangka selatan,6,0.92,3.36,26.86,0.18,22.61,6.79,5.75,67.9,21.59,80.89,112
2020,kepulauan bangka belitung,belitung timur,4,5,6.6,11.37,0.75,13.26,8.14,4.36,71.9,11.66,60.94,342
2020,kepulauan bangka belitung,kota pangkalpinang,6,50,4.25,7.54,0,9.14,9.81,0.1,73.17,11.35,83.84,15
2020,kepulauan riau,karimun,3,5,6.61,16.5,0.31,22.74,7.78,1.04,70.71,15.08,58.29,352
2020,kepulauan riau,bintan,3,5,6.37,7.67,1.35,33.85,8.04,1.67,70.3,14.38,57.31,356
2020,kepulauan riau,natuna,3,5,4.42,22.53,0.52,24.3,8.39,3.49,64.81,17.36,55.7,360
2020,kepulauan riau,lingga,2,5,12.88,26.77,0.78,23.34,7.11,3.97,61.75,16.49,50.47,373
2020,kepulauan riau,kepulauan anambas,3,5,6.44,17.62,0.42,40.74,7.07,1.51,67.06,17.47,53.31,369
2020,kepulauan riau,kota batam,6,50,4.85,3.72,0.28,0.83,11.03,0.35,73.29,16.33,85.09,6
2020,kepulauan riau,kota tanjungpinang,6,50,9.03,5.57,0,6.24,10.16,0.12,72.02,16.63,78.77,42
2020,dki jakarta,kepulauan seribu,3,5,12.09,74.94,0,9.43,8.52,0.05,68.51,29.16,51.88,372
2020,dki jakarta,kota jakarta selatan,6,50,2.73,8.84,0,22.82,11.37,0.01,74.03,16.29,83.62,17
2020,dki jakarta,kota jakarta timur,6,50,3.12,15.98,0,19.73,11.25,0.01,74.37,18.43,81.99,29
2020,dki jakarta,kota jakarta pusat,6,50,3.68,21.08,0,1.67,10.92,0,74.02,23.59,83.81,16
2020,dki jakarta,kota jakarta barat,6,50,3.25,16.16,0,4.54,10.25,0.01,73.54,14.9,85.06,7
2020,dki jakarta,kota jakarta utara,6,50,5.04,24.86,0,0.35,10.45,0.02,73.18,19.02,81.43,31
2020,jawa barat,bogor,4,2.84,6.66,30.35,0,39.88,8.49,0.68,71.01,34.96,66.64,317
2020,jawa barat,sukabumi,6,0.73,6.22,52.42,0.09,45.7,7.3,1.17,70.73,21.93,77.18,198
2020,jawa barat,cianjur,6,0.59,9.15,48.22,0.12,46.98,7.06,1.04,69.91,27.52,76.19,209
2020,jawa barat,bandung,6,1.58,5.94,38.11,0,17.59,8.83,0.59,73.4,27.87,79.08,158
2020,jawa barat,garut,6,0.48,8.98,59.66,0,49.33,7.74,0.81,71.22,27.03,76.62,204
2020,jawa barat,tasikmalaya,5,0.64,9.12,63.34,0,51.75,7.6,1.08,69.21,34.97,73.28,253
2020,jawa barat,ciamis,6,0.66,6.65,44.41,0,41.88,7.95,0.67,71.57,24.21,79.21,154
2020,jawa barat,kuningan,6,0.61,11.41,46.37,0,33.64,7.54,0.46,73.35,18.06,80.01,134
2020,jawa barat,cirebon,6,0.8,9.94,41.99,0,24.78,7.22,0.3,71.82,25.06,79.68,143
2020,jawa barat,majalengka,6,0.35,10.06,48.77,0.09,22.84,7.22,0.44,69.97,28.53,81.02,109
2020,jawa barat,sumedang,6,0.42,9.05,45.12,0,34.68,8.51,0.81,72.29,24.43,81.46,97
2020,jawa barat,indramayu,6,0.23,11.11,55.09,0.08,13.41,6.02,0.89,71.37,29.19,82.17,88
2020,jawa barat,subang,6,0.31,8.12,39.44,0.13,29.48,6.83,0.69,72.13,25.73,82.66,80
2020,jawa barat,purwakarta,6,1.09,7.48,30.66,0,31.88,7.87,0.75,70.8,23.42,78.67,163
2020,jawa barat,karawang,6,0.39,7.39,34.87,0,22.03,7.75,0.35,71.98,24.01,84.51,39
2020,jawa barat,bekasi,6,1.27,4.01,29.51,0.25,11.06,8.66,0.48,73.56,20.93,83.86,51
2020,jawa barat,bandung barat,6,1.42,9.38,45.41,0,26.57,8.38,0.66,72.18,32.12,75.76,215
2020,jawa barat,pangandaran,6,0.42,7.71,42.88,0.2,28.65,7.74,1.17,71.12,25.74,81.99,91
2020,jawa barat,kota bogor,6,34.15,5.77,24.53,0,17.12,10.21,0.03,73.41,29.48,72.4,61
2020,jawa barat,kota sukabumi,5,3.91,6.67,31.02,0.4,18.6,9.63,0.02,72.26,30.76,65.73,83
2020,jawa barat,kota bandung,6,50,3.38,19.89,0,5.11,10.77,0.03,74.14,28.12,81.72,30
2020,jawa barat,kota cirebon,6,50,8.41,22.72,0,2.84,9.3,0.01,72.13,33.08,71.28,64
2020,jawa barat,kota bekasi,6,50,3.81,11.04,0,15.01,10.82,0.05,74.89,20.03,83.04,21
2020,jawa barat,kota depok,6,50,2.07,8.85,0,21.53,10.57,0.05,74.31,16.09,83.23,18
2020,jawa barat,kota cimahi,6,50,4.39,21.79,0,9.32,10.19,0.03,73.89,22.34,79.14,41
2020,jawa barat,kota tasikmalaya,4,3.03,11.6,33.95,0,24.6,9.32,0.13,71.93,27.3,58.82,89
2020,jawa barat,kota banjar,4,1.02,5.5,48.84,0,20.37,8.48,0.3,70.79,29.59,57.72,90
2020,jawa tengah,cilacap,6,0.41,10.73,25.17,0.22,23.96,7.03,0.69,73.52,23.18,84.04,46
2020,jawa tengah,banyumas,6,1.05,12.53,18.66,0.26,21.91,7.69,0.27,73.55,26.4,80.48,114
2020,jawa tengah,purbalingga,6,0.87,15.03,23,0.1,20.88,7.3,0.34,73.02,24.99,80.15,127
2020,jawa tengah,banjarnegara,6,0.86,14.76,25.41,0.09,35.11,6.87,0.58,74.01,21.7,78.45,168
2020,jawa tengah,kebumen,6,0.48,16.82,30.71,0.13,30.67,7.58,0.39,73.22,19.65,80.41,118
2020,jawa tengah,purworejo,6,0.43,11.45,23.59,0,36.89,7.75,0.58,74.52,21.02,82.85,76
2020,jawa tengah,wonosobo,6,0.81,16.63,29.24,0.16,14.05,6.95,0.73,71.6,38.57,78.58,166
2020,jawa tengah,magelang,6,0.92,10.67,19.38,0,23.57,7.71,0.76,73.56,31.01,81.27,103
2020,jawa tengah,boyolali,6,0.46,9.53,18.76,0.1,26.37,7.4,0.48,75.83,25.69,85.35,26
2020,jawa tengah,klaten,6,0.54,12.28,25.35,0,26.29,8.24,0.2,76.68,27.64,84.03,47
2020,jawa tengah,sukoharjo,6,0.45,7.14,23.04,0.1,17.65,9.17,0.15,77.55,28.23,88.76,4
2020,jawa tengah,wonogiri,6,0.19,10.25,28.51,0,22.5,7.15,1.02,76.07,25.14,86.55,16
2020,jawa tengah,karanganyar,6,0.52,9.55,24.63,0,16.8,8.39,0.4,77.38,25.25,87.22,8
2020,jawa tengah,sragen,6,0.2,12.79,24.84,0,15.32,7.06,0.35,75.62,32.4,86.21,18
2020,jawa tengah,grobogan,6,0.23,11.77,47.98,0,18.93,7.03,0.85,74.61,29.13,83.68,56
2020,jawa tengah,blora,6,0.22,11.32,32.01,0.1,13.46,6.63,0.91,74.23,31.57,85.47,24
2020,jawa tengah,rembang,6,0.46,14.95,28.95,0.04,15.94,7.35,0.66,74.43,23.19,83.75,54
2020,jawa tengah,pati,6,0.22,9.46,20.85,0,19.56,7.29,0.49,76.04,19.38,88.25,5
2020,jawa tengah,kudus,6,0.68,6.68,8.69,0,25.53,8.62,0.14,76.5,26.47,86.91,10
2020,jawa tengah,jepara,6,0.72,6.66,35.07,0.13,21.24,7.56,0.25,75.74,30.9,83.9,50
2020,jawa tengah,demak,6,0.3,11.86,37.46,0,13.84,7.73,0.46,75.31,35.76,85.04,32
2020,jawa tengah,semarang,6,0.9,7.04,14.27,0.16,12.33,8.24,0.45,75.63,22.4,86.69,13
2020,jawa tengah,temanggung,6,1,9.42,18.74,0,24.03,7.26,0.53,75.48,27.27,82.16,89
2020,jawa tengah,kendal,6,0.57,9.41,25.33,0.24,16.19,7.34,0.61,74.33,22.96,85.24,30
2020,jawa tengah,batang,6,0.71,8.35,36.68,0,32.42,6.86,0.53,74.59,22.78,81.28,102
2020,jawa tengah,pekalongan,6,0.77,9.71,35.5,0.14,35.33,7.21,0.57,73.57,34.74,78.86,161
2020,jawa tengah,pemalang,6,0.56,15.41,39.99,0,23.32,6.54,0.48,73.22,33.06,79.19,155
2020,jawa tengah,tegal,6,0.75,7.64,34.99,0,21.31,7.01,0.27,71.4,27.56,81.41,99
2020,jawa tengah,brebes,6,0.69,16.22,36.08,0,26.91,6.19,0.58,69.04,34.65,75.73,216
2020,jawa tengah,kota magelang,6,22.53,7.46,14.63,0,5.54,9.8,0.01,76.75,24.44,80.76,34
2020,jawa tengah,kota surakarta,6,50,8.7,12.09,0.11,10.4,10.39,0.01,77.12,35.06,76.98,48
2020,jawa tengah,kota salatiga,6,7.32,4.76,11.73,0,7.43,10.13,0.05,77.22,30.39,82.64,24
2020,jawa tengah,kota semarang,6,13.69,3.98,10.47,0.02,7.21,10.07,0.05,77.25,26.34,84.66,10
2020,jawa tengah,kota pekalongan,5,6.38,6.6,22.57,0,30.16,8.85,0.03,74.28,26.38,66.98,79
2020,jawa tengah,kota tegal,6,12.94,7.47,23.01,0,0.61,8.3,0.02,74.34,18.38,76.74,52
2020,daerah istimewa yogyakarta,kulon progo,6,0.62,17.39,27.09,0,30.99,8.32,0.43,75.2,27.13,80.31,123
2020,daerah istimewa yogyakarta,bantul,6,1.39,12.92,13.5,0.42,26.78,9.63,0.19,73.77,18.32,79.73,142
2020,daerah istimewa yogyakarta,gunung kidul,6,0.2,16.61,43.99,0,33.55,6.91,1.04,74.03,23.84,80.32,122
2020,daerah istimewa yogyakarta,sleman,6,1.73,7.41,12.95,0.22,18.38,10.69,0.1,74.77,13.38,82.3,86
2020,daerah istimewa yogyakarta,kota yogyakarta,6,50,6.84,9.06,0,19.98,11.19,0.01,74.56,16.61,80.68,36
2020,jawa timur,pacitan,6,0.44,13.67,37.14,0.11,31.39,7.35,1.2,71.77,20.83,80.23,126
2020,jawa timur,ponorogo,6,0.26,9.64,24,0.05,27.01,7.36,0.61,72.65,24.12,84.7,36
2020,jawa timur,trenggalek,6,0.52,10.98,28.89,0,40.39,7.35,0.75,73.59,26.78,80.39,120
2020,jawa timur,tulungagung,6,0.49,6.74,23.22,0,33.82,7.92,0.47,73.95,20.7,84.56,38
2020,jawa timur,blitar,6,0.49,8.94,20.38,0.08,31.35,7.53,0.89,73.39,21.64,83.81,52
2020,jawa timur,kediri,6,0.78,10.42,32.35,0,38.57,8.2,0.64,72.54,24.49,79.19,156
2020,jawa timur,malang,6,0.95,9.47,27.91,0,17.41,7.52,0.95,72.45,25.56,81.6,95
2020,jawa timur,lumajang,6,0.5,9.49,41.52,0,42.1,6.33,0.87,69.94,26.9,77.57,191
2020,jawa timur,jember,6,0.57,9.25,40.99,0.04,44.49,6.46,0.79,68.99,37.94,75.72,217
2020,jawa timur,banyuwangi,6,0.57,7.52,17.91,0.46,30.08,7.12,1.81,70.54,25.32,82.4,83
2020,jawa timur,bondowoso,5,0.43,13.33,53.37,0,38.04,5.8,0.79,66.55,37.22,73.68,247
2020,jawa timur,situbondo,6,0.42,11.2,44.23,0,35.33,6.03,1.64,68.97,24.25,77.89,180
2020,jawa timur,probolinggo,5,0.74,17.76,47.64,1.26,36.36,5.93,0.83,67,54.75,69.72,294
2020,jawa timur,pasuruan,6,0.75,8.68,33.2,0,37.49,7.42,0.66,70.17,29.27,78.26,174
2020,jawa timur,sidoarjo,6,1.77,5.32,14.23,0,9.97,9.58,0.12,73.98,8.96,83.42,63
2020,jawa timur,mojokerto,6,0.47,9.75,23.63,0,14.44,8.54,0.31,72.43,23.65,85.92,22
2020,jawa timur,jombang,6,0.51,9.22,31.66,0,25.93,8.62,0.33,72.27,23.55,83.43,62
2020,jawa timur,nganjuk,6,0.36,11.24,42.3,0.14,23.74,7.76,0.58,71.44,26.61,81.98,92
2020,jawa timur,madiun,6,0.27,10.54,31.25,0.05,15.48,7.92,0.75,71.22,25.65,85,33
2020,jawa timur,magetan,6,0.35,9.61,25.7,0,9.08,7.65,0.45,72.49,23.93,86.87,11
2020,jawa timur,ngawi,6,0.17,14.39,35.58,0,19.69,7.13,0.59,72.16,28.7,83,73
2020,jawa timur,bojonegoro,6,0.27,12.38,34.47,0.12,14.91,7.28,0.83,71.36,27.61,83.73,55
2020,jawa timur,tuban,6,0.25,14.58,32.46,0,13.11,7.03,1.11,71.26,24.33,83.57,59
2020,jawa timur,lamongan,6,0.22,13.21,28.04,0.1,11.64,8.12,0.56,72.27,27.7,85.62,23
2020,jawa timur,gresik,6,0.56,11.35,16.37,0,1.22,9.32,0.44,72.61,21.48,88.02,6
2020,jawa timur,bangkalan,5,0.51,18.9,49.08,0.09,38.94,5.77,0.44,70.11,22.37,74.21,236
2020,jawa timur,sampang,5,0.55,20.71,65.25,0,23.52,5.22,0.65,67.96,34.39,72.08,269
2020,jawa timur,pamekasan,5,0.86,13.95,52.2,0,25.79,6.62,0.38,67.45,27.13,74.48,231
2020,jawa timur,sumenep,5,0.37,19.48,54.57,1.14,36.88,5.6,0.85,71.22,30.48,74.35,233
2020,jawa timur,kota kediri,6,5.43,7.16,17.31,0,24.74,9.06,0.03,73.96,20.44,71.16,65
2020,jawa timur,kota blitar,6,2.43,7.13,15,0,29.98,10.29,0.03,73.6,15.11,73.38,58
2020,jawa timur,kota malang,6,10.73,4.07,8.68,0,8.48,9.96,0.03,73.15,13.83,84.12,14
2020,jawa timur,kota probolinggo,6,2.24,6.91,6.86,0,13.97,8.62,0.06,70.19,17.72,73.69,57
2020,jawa timur,kota pasuruan,5,3.43,6.46,34.77,0,13.22,9.07,0.04,71.4,20.59,68.71,72
2020,jawa timur,kota mojokerto,6,6.73,5.15,9.94,0.18,11.92,10.57,0.01,73.21,12.32,82.77,23
2020,jawa timur,kota madiun,6,3.96,4.35,9.47,0,5.13,10.85,0.02,72.75,17.16,85.23,5
2020,jawa timur,kota surabaya,6,50,4.51,13.27,0,0.12,9.6,0.03,74.13,16.87,84.71,9
2020,jawa timur,kota batu,6,6.76,3.81,11.38,0,18.04,9.41,0.18,72.54,16.72,77.06,47
2020,banten,pandeglang,5,0.48,9.42,47.52,0,54.95,7.05,2.27,64.49,34.01,72.59,263
2020,banten,lebak,5,0.64,8.3,57.73,1.18,62.59,6.27,1.4,67.04,32.96,70.78,279
2020,banten,tangerang,5,2.54,5.14,32.25,0,19.53,8.05,0.24,69.79,18.42,72.47,266
2020,banten,serang,6,0.79,4.08,43.67,0,26.96,7.49,0.78,64.47,39.43,77.07,201
2020,banten,kota tangerang,6,50,4.43,15.52,0,10.48,10.65,0.03,71.57,17.29,80.37,37
2020,banten,kota cilegon,5,7.45,3.03,24.82,0,11.41,9.49,0.17,66.6,21.15,70.23,69
2020,banten,kota serang,5,1.88,5.28,37.74,0.3,16.37,8.47,0.17,67.83,22.33,61.22,88
2020,banten,kota tangerang selatan,6,50,1.68,6.84,0,21.75,11.32,0.05,72.41,18,83.14,19
2020,bali,jembrana,6,0.84,4.88,36.23,0,24.4,7.83,0.98,72.21,20.75,82.56,81
2020,bali,tabanan,6,0.5,4.21,14.72,0.14,12.74,8.41,0.53,73.53,11.53,90.05,1
2020,bali,badung,6,1.37,1.78,4.11,0,1.98,10.29,0.16,74.99,18.02,89.29,3
2020,bali,gianyar,6,0.93,3.88,2.62,0,5.67,8.16,0.22,73.56,6.42,89.96,2
2020,bali,klungkung,6,0.81,5.4,19.28,0.24,14.6,7.69,0.26,71.06,15.27,85.35,27
2020,bali,bangli,5,2.25,4.44,20.35,0.32,24.36,6.66,0.44,70.37,23.01,73.89,243
2020,bali,karangasem,6,1.63,6.25,19.28,0,16.11,5.78,0.7,70.35,18.73,78.25,175
2020,bali,buleleng,6,1.51,5.19,26.19,0.57,24.9,6.58,0.69,71.68,22.05,78.16,177
2020,bali,kota denpasar,6,9.51,2.1,2.97,0,1.46,10.95,0.02,74.68,12.42,93.32,1
2020,nusa tenggara barat,lombok barat,6,0.78,15.17,27.92,0,23.15,6.89,0.84,66.64,36.3,75.92,214
2020,nusa tenggara barat,lombok tengah,6,0.43,13.63,27.74,0.06,24.43,6.29,0.73,65.99,45.25,77.1,200
2020,nusa tenggara barat,lombok timur,5,0.64,16.15,38.09,0.1,32.91,6.97,0.63,65.74,39.57,73.5,249
2020,nusa tenggara barat,sumbawa,6,0.13,13.9,22.94,0.45,21.75,8.08,2.72,67.31,28.99,82.31,85
2020,nusa tenggara barat,dompu,6,0.13,12.25,16.1,1.6,29.33,8.57,3.7,66.6,41.49,81.16,107
2020,nusa tenggara barat,bima,6,0.2,14.76,21.77,0.86,29.05,8.05,4.24,66.11,33.56,79.54,146
2020,nusa tenggara barat,sumbawa barat,6,0.23,13.85,22.89,0,14.44,8.68,2.33,67.8,42.73,82.33,84
2020,nusa tenggara barat,lombok utara,4,0.61,29.03,47.43,0,44.24,5.89,1.3,66.92,41.36,66.37,321
2020,nusa tenggara barat,kota mataram,6,5.55,8.92,17.3,0,5.38,9.13,0.02,71.59,27.71,71.86,62
2020,nusa tenggara barat,kota bima,5,0.8,8.6,14.18,0,16.32,10.48,0.45,70.2,32.53,65.9,81
2020,nusa tenggara timur,sumba barat,4,0.51,28.29,66.12,24.84,45.33,7.18,1.59,66.98,48.39,63.76,335
2020,nusa tenggara timur,sumba timur,4,0.46,30.02,47.05,4.43,42.49,7.77,14.11,64.94,37.02,66.68,316
2020,nusa tenggara timur,kupang,4,0.69,23.03,57.85,10.17,37.33,7.71,10.49,64.39,50.35,66.11,323
2020,nusa tenggara timur,timor tengah selatan,4,0.57,27.87,66.1,36.48,49.31,6.89,4.73,66.32,58.65,60.59,344
2020,nusa tenggara timur,timor tengah utara,5,0.57,22.45,70.24,14.52,27.84,7.91,3.44,66.86,50.8,68.61,300
2020,nusa tenggara timur,belu,5,0.68,15.54,45.25,11.51,33.88,7.69,1.59,64.35,46.09,71.06,277
2020,nusa tenggara timur,alor,4,1.06,21.59,62.2,12.48,42.92,8.27,2.55,61.29,37.77,63.3,336
2020,nusa tenggara timur,lembata,4,1,26.3,47.61,8.58,41.88,8,3.39,66.97,34.6,66.18,322
2020,nusa tenggara timur,flores timur,5,1.45,10.9,56.9,3.73,28.84,7.77,2.4,65.1,36.28,69.56,295
2020,nusa tenggara timur,sikka,5,0.84,13.53,51.32,9.41,30.49,7.11,2.07,67.07,34.42,72.81,260
2020,nusa tenggara timur,ende,5,1.32,23.18,51.55,1.98,13.53,7.46,3.1,65.17,35.76,68.7,299
2020,nusa tenggara timur,ngada,6,0.37,12.48,44.03,6.95,20.17,8.9,19.09,67.96,17.06,80.24,125
2020,nusa tenggara timur,manggarai,5,0.62,20.55,54.69,8.39,23.3,7.45,1.42,66.77,45.46,71.7,272
2020,nusa tenggara timur,rote ndao,5,0.69,27.95,48.43,13.69,16.75,7.7,3.01,64.34,51.59,68.21,304
2020,nusa tenggara timur,manggarai barat,5,0.36,18.01,47.92,21.65,34.36,7.18,3.69,67.12,56.8,71.05,278
2020,nusa tenggara timur,sumba tengah,4,0.36,34.62,62.48,18.8,62.87,7.39,5.08,68.32,41.06,61.62,340
2020,nusa tenggara timur,sumba barat daya,3,0.62,28.06,82.71,31.02,77.51,6.04,4.97,68.43,46.42,56.49,357
2020,nusa tenggara timur,nagekeo,5,0.54,12.85,45.96,11.98,36.5,8.09,2.49,67.03,34.6,74.64,228
2020,nusa tenggara timur,manggarai timur,4,0.5,26.49,78.26,24.53,36.74,7.17,2.86,67.98,42.73,65.58,329
2020,nusa tenggara timur,sabu raijua,2,2.96,30.52,72.3,28.69,57.28,7.5,1.2,60.23,46.66,42.74,390
2020,nusa tenggara timur,malaka,5,0.48,16.12,58.73,9.86,45.59,7.17,1.61,64.89,51,68.89,298
2020,nusa tenggara timur,kota kupang,6,29.66,9.22,9.71,0.07,6.62,10.96,0.2,69.37,23.96,73.71,56
2020,kalimantan barat,sambas,5,0.55,8.19,27.98,0.37,89.46,6.56,5.53,68.83,39.45,70.04,289
2020,kalimantan barat,bengkayang,6,0.35,6.96,33.97,5.71,44.08,7.04,5.27,73.67,25.97,81.17,106
2020,kalimantan barat,landak,5,0.43,11.47,40.21,16.64,68.54,6.7,10.22,72.7,34.2,72.5,265
2020,kalimantan barat,mempawah,5,0.67,5.32,40.13,1.33,73.77,7.24,2.23,70.9,27.2,74.08,239
2020,kalimantan barat,sanggau,6,0.65,4.57,23.05,9.43,50.67,6.63,13.32,71.35,25.93,78.2,176
2020,kalimantan barat,ketapang,5,0.76,10.54,24.59,8.91,57.3,7.25,23.76,71.01,21.79,74.24,234
2020,kalimantan barat,sintang,5,1.43,9.65,23.06,3.99,44.7,7.08,20.91,71.62,26.07,72.89,259
2020,kalimantan barat,kapuas hulu,5,1.4,9.62,34.89,3.98,48.58,7.43,34.49,72.44,34.65,70.7,281
2020,kalimantan barat,sekadau,6,0.59,6.11,35.91,11.37,57.17,6.45,10.28,71.65,23.33,76.22,207
2020,kalimantan barat,melawi,4,2.42,12.38,39.59,16.09,59.38,6.63,20.43,72.88,36.9,60.88,343
2020,kalimantan barat,kayong utara,5,0.49,9.98,32.17,0.7,59.21,6.23,12.77,68.11,27.19,74.12,237
2020,kalimantan barat,kubu raya,5,0.85,4.74,24.77,0.47,88.79,7.37,8.39,70.43,20.2,72.36,268
2020,kalimantan barat,kota pontianak,5,50,4.88,16.91,0.3,55.79,10.31,0.07,72.8,21.06,63.18,85
2020,kalimantan barat,kota singkawang,4,2.74,4.91,12.11,1.25,48.75,8.04,0.35,71.85,25.16,55.3,91
2020,kalimantan tengah,kotawaringin barat,4,5,4.11,12.15,0.17,16.42,8.24,11.8,70.51,19.67,59.76,350
2020,kalimantan tengah,kotawaringin timur,6,1.15,5.9,15.67,3.67,29.45,8.01,13.89,69.8,39.87,77.8,185
2020,kalimantan tengah,kapuas,6,0.32,5.09,36.4,1.26,50.92,7.91,10.16,68.69,42.37,77.83,184
2020,kalimantan tengah,barito selatan,5,2.38,4.39,31.94,2.97,39.47,8.76,12.1,66.99,33.9,67.78,309
2020,kalimantan tengah,barito utara,6,0.66,4.95,18.86,4.36,26.6,8.65,11.57,71.29,30.81,83.1,69
2020,kalimantan tengah,sukamara,5,2.44,3.16,15.17,2.52,27.94,7.78,11.09,71.49,22.2,73.52,248
2020,kalimantan tengah,lamandau,6,0.69,3.01,23.4,2.94,24.48,8.36,11.63,69.34,25.25,83.1,68
2020,kalimantan tengah,seruyan,4,3.41,7.19,18.76,0.81,22.72,7.86,22.34,69.25,19.47,65.52,331
2020,kalimantan tengah,katingan,6,0.68,5.02,30.26,1.75,27.18,8.32,23.51,65.7,29.64,78.94,160
2020,kalimantan tengah,pulang pisau,6,0.35,4.24,28.1,0.93,46.46,8.38,16.84,67.98,28.58,80.03,133
2020,kalimantan tengah,gunung mas,3,4.29,4.91,29.22,4.79,35.15,9.07,17.81,70.32,32.83,58.18,353
2020,kalimantan tengah,barito timur,5,1.23,6.32,22.67,0.9,44.05,9.22,6.63,68.14,38.53,74.96,222
2020,kalimantan tengah,murung raya,4,3.01,6,34.41,8.1,55.74,7.44,31.79,69.47,27.46,60.27,347
2020,kalimantan tengah,kota palangka raya,6,50,3.35,18.41,0,7.77,11.35,1,73.19,21.74,75.34,54
2020,kalimantan selatan,tanah laut,6,0.3,4.51,17.66,0.27,46.18,7.68,3.13,69.31,31.39,81.85,93
2020,kalimantan selatan,kota baru,6,0.74,4.49,32.93,0.75,31.54,7.5,10.42,69.1,26.97,79.96,136
2020,kalimantan selatan,banjar,6,0.44,2.72,26.18,1.11,43.36,7.29,2.74,66.97,31.6,80.09,130
2020,kalimantan selatan,barito kuala,6,0.2,4.63,31.39,0.61,42.4,7.38,4.03,65.88,32.23,80.08,131
2020,kalimantan selatan,tapin,6,0.21,3.41,32.82,0,34.04,7.79,4.25,70.23,29.57,83.98,49
2020,kalimantan selatan,hulu sungai selatan,6,0.34,5.33,36.25,0.35,42.72,7.67,1.87,65.82,33.11,78.68,162
2020,kalimantan selatan,hulu sungai tengah,6,0.34,5.93,39.97,0.52,37.61,8.38,1.65,65.82,30.65,79.5,147
2020,kalimantan selatan,hulu sungai utara,6,0.45,6.5,17.95,0,26.06,7.63,1.05,63.58,36.61,80.4,119
2020,kalimantan selatan,tabalong,6,0.73,6.01,32.17,0.06,26.7,8.75,4.15,70.33,44.51,80.44,116
2020,kalimantan selatan,tanah bumbu,6,0.61,4.85,13.72,0,10.85,7.79,3.74,70.08,24.68,86.5,17
2020,kalimantan selatan,balangan,6,0.32,5.55,32.57,2.55,24.9,7.33,2.65,67.59,34.21,82.06,90
2020,kalimantan selatan,kota banjarmasin,6,6.67,4.2,19.02,0,0,9.64,0.03,70.98,27.64,78.02,46
2020,kalimantan selatan,kota banjarbaru,5,7.3,4.3,11.51,0,25.15,10.67,0.37,71.87,38.19,68.92,70
2020,kalimantan timur,paser,6,1,8.95,16.47,1.5,16.1,8.62,10.26,72.52,30.01,82.26,87
2020,kalimantan timur,kutai barat,3,5,9.09,23.41,3.76,24.67,8.31,18.1,72.79,35.66,54.98,363
2020,kalimantan timur,kutai kartanegara,6,0.96,7.2,8.95,0.58,9.55,9.17,13.21,72.21,36.51,84.28,42
2020,kalimantan timur,kutai timur,5,2.57,9.48,13.32,0.32,7.91,9.09,25.02,73.03,39.35,73.13,255
2020,kalimantan timur,berau,6,0.93,5.04,11.14,0.21,6.55,9.32,19.77,71.94,34.49,85.34,28
2020,kalimantan timur,penajam paser utara,6,0.65,7.18,14.7,0,8.27,8.21,5.47,71.3,26.98,86.2,19
2020,kalimantan timur,mahakam hulu,4,2.93,11.25,31.44,3.31,23.82,8.26,71.9,71.9,35.77,63.17,337
2020,kalimantan timur,kota balikpapan,6,28.96,2.42,3.66,0,1.22,10.46,0.2,74.41,22.83,87.66,3
2020,kalimantan timur,kota samarinda,6,17.23,4.59,6.36,0.38,0.15,10.16,0.44,74.17,25.24,80.75,35
2020,kalimantan timur,kota bontang,6,50,4.22,7.85,0,0.29,10.57,0.19,74.18,25.59,84.59,11
2020,kalimantan utara,malinau,5,2.18,6.96,13.24,0.15,29.17,8.05,61.41,71.42,31.01,70.78,280
2020,kalimantan utara,bulungan,6,1.59,8.78,12.85,0.27,25.85,9.05,17.37,72.6,29.23,77.63,188
2020,kalimantan utara,tana tidung,3,5,4.72,13.94,0.34,43.38,8.48,21.89,71.38,38.88,53.76,367
2020,kalimantan utara,nunukan,6,1.44,6.11,27.63,0.72,24.97,8.01,15.6,71.3,27.71,77.45,195
2020,kalimantan utara,kota tarakan,6,19.34,6,7.18,0,5.86,10,0.32,73.92,21.53,79.91,38
2020,sulawesi utara,bolaang mongondow,6,0.13,7.47,22.18,0,29.46,8.2,5.65,69.22,16.71,85.32,29
2020,sulawesi utara,minahasa,6,0.54,7.18,26.21,0,17.92,9.61,1.35,70.98,9.26,86.64,14
2020,sulawesi utara,kepulauan sangihe,3,5,11.15,41.23,2.87,24.47,8.55,0.63,69.96,10.58,54.61,365
2020,sulawesi utara,kepulauan talaud,6,0.8,9.86,31.14,0,30.69,9.62,2.96,70.04,10.86,81.17,105
2020,sulawesi utara,minahasa selatan,6,0.47,9.26,37.47,0.14,19.36,9.16,2.03,69.8,12.02,84.17,44
2020,sulawesi utara,minahasa utara,6,0.55,6.93,32.8,0.78,16.88,10.1,1.37,71.31,16.16,86.06,21
2020,sulawesi utara,bolaang mongondow utara,6,0.25,8.45,46.76,0.79,35.62,8.86,3.73,67.54,13.68,81.11,108
2020,sulawesi utara,siau tagulandang biaro,3,5,9.56,22.36,1.18,37.25,9.13,0.63,70.54,8.95,55.61,361
2020,sulawesi utara,minahasa tenggara,6,0.36,12.78,32.49,0.33,27.97,9.15,2.92,70.07,12.87,82.66,79
2020,sulawesi utara,bolaang mongondow selatan,6,0.37,13.27,27.12,0.99,31.2,8.39,4.4,64.45,6.34,79.88,139
2020,sulawesi utara,bolaang mongondow timur,6,0.26,6.1,20.23,0.28,32.65,7.8,3.85,67.81,12.09,84.31,40
2020,sulawesi utara,kota manado,6,12.04,5.51,14.34,0.5,4.54,11.38,0.07,71.8,16.48,81.39,32
2020,sulawesi utara,kota bitung,5,3.5,6.49,25.04,0.27,7.05,9.96,0.51,71,24.96,68.56,73
2020,sulawesi utara,kota tomohon,6,0.91,5.62,9.94,0,14.26,10.91,0.15,71.79,16,79.44,40
2020,sulawesi utara,kota kotamobagu,6,0.86,5.71,10.97,0,9.24,10.19,0.15,70.33,24.17,75.9,53
2020,sulawesi tengah,banggai kepulauan,4,2.49,14.84,43.82,13.57,19.35,8.49,3.92,65.71,38.67,63.98,333
2020,sulawesi tengah,banggai,6,0.31,7.8,16.25,1.75,19.97,8.06,5.34,70.61,29.96,85.38,25
2020,sulawesi tengah,morowali,6,0.46,13.75,15.34,2.72,19.85,9.24,5.15,68.82,26.79,82.44,82
2020,sulawesi tengah,poso,6,0.33,15.65,16.06,0.49,16.81,9.39,5.59,70.85,25.03,84.22,43
2020,sulawesi tengah,donggala,5,0.74,18.4,41.68,4.99,51.02,7.93,4.73,66.85,34.41,69.83,291
2020,sulawesi tengah,toli-toli,6,0.52,13.09,25.8,3.78,24.54,8.77,3.18,65.3,30.25,78.66,164
2020,sulawesi tengah,buol,6,0.62,15.19,39.72,4.48,21.73,8.98,6.07,68.17,32.68,77.56,192
2020,sulawesi tengah,parigi moutong,5,0.32,16.64,33.64,5.85,34.24,7.69,3.03,63.94,31.54,75.05,219
2020,sulawesi tengah,tojo una-una,6,0.59,17.16,41.88,5.74,10.89,8.6,6.07,65.14,24.98,77.52,194
2020,sulawesi tengah,sigi,5,0.49,12.91,39.33,1.22,46.69,8.8,7.61,69.57,50.53,74.75,225
2020,sulawesi tengah,banggai laut,2,4.95,15.34,36.25,8.71,26.92,8.61,1.21,64.79,32.62,48.94,378
2020,sulawesi tengah,morowali utara,6,0.61,15.08,29.03,5.5,24.43,8.67,16.1,69.19,27.19,78.31,172
2020,sulawesi tengah,kota palu,6,37.09,6.83,6.4,0,5.24,11.51,0.23,70.68,23.32,79.63,39
2020,sulawesi selatan,kepulauan selayar,4,3.72,12.83,24.14,1.17,9.54,8.4,1.25,68.34,32.71,62.97,338
2020,sulawesi selatan,bulukumba,6,0.28,7.26,21.72,0,25.74,8.07,0.99,67.69,28.72,83.61,58
2020,sulawesi selatan,bantaeng,6,0.27,9.03,24.88,0.77,4.94,6.76,0.42,70.42,16.67,87.38,7
2020,sulawesi selatan,jeneponto,6,0.21,14.88,23.77,0,10.33,7.5,1.21,66.24,41.11,81.55,96
2020,sulawesi selatan,takalar,6,0.37,8.7,18.82,0.19,23.94,7.77,0.77,67.01,25.54,82.85,75
2020,sulawesi selatan,gowa,6,0.33,7.53,17.18,0.38,19.61,8.26,2.1,70.37,36.94,85.05,31
2020,sulawesi selatan,sinjai,6,0.35,9.14,9.93,2.59,19.33,8.05,1.19,67.17,34.28,83.56,60
2020,sulawesi selatan,maros,6,0.27,9.89,16.37,2.66,28.82,7.96,0.94,68.98,27.64,83.11,67
2020,sulawesi selatan,pangkajene dan kepulauan,6,0.5,14.06,24.72,2.62,20.18,7.99,1.56,66.49,34.51,79.16,157
2020,sulawesi selatan,barru,6,0.23,8.57,9.99,1.78,15.07,8.25,1.42,68.91,27.02,86.61,15
2020,sulawesi selatan,bone,6,0.14,10.06,14.98,1.3,25.47,7.3,1.6,66.88,33.02,82.79,78
2020,sulawesi selatan,soppeng,6,0.12,7.25,18.24,1.5,21.76,8.18,2.05,69.43,28.17,86.16,20
2020,sulawesi selatan,wajo,6,0.11,6.91,22.57,1.55,27.5,6.73,3.22,67.17,25.52,83.52,61
2020,sulawesi selatan,sidenreng rappang,6,0.1,4.79,22.01,0.24,22.46,8.19,2.22,69.59,25.12,87.17,9
2020,sulawesi selatan,pinrang,6,0.11,8.46,30.62,0.27,34.01,8.11,1.93,69.39,27.6,83.01,72
2020,sulawesi selatan,enrekang,6,0.31,12.33,28.54,0.89,34.84,8.77,3.48,70.83,43.71,80.06,132
2020,sulawesi selatan,luwu,6,0.19,12.78,21.85,1.26,29.92,8.89,3.72,70.19,24.03,83.2,65
2020,sulawesi selatan,tana toraja,6,0.68,12.35,32.21,2.83,51.24,8.68,2.38,73.15,31.42,76.88,203
2020,sulawesi selatan,luwu utara,6,0.2,13.6,20.18,0.34,36.29,8.26,7.4,68.31,27.49,80.47,115
2020,sulawesi selatan,luwu timur,6,0.24,6.98,10.3,0.19,25.33,8.64,8.92,70.38,20.06,86.7,12
2020,sulawesi selatan,toraja utara,6,0.44,12.41,31.36,1,43.05,8.53,1.12,73.35,34.35,79.59,144
2020,sulawesi selatan,kota makassar,6,23.29,4.28,9.71,0,1.96,10.86,0.03,72,21.65,84.32,13
2020,sulawesi selatan,kota parepare,6,3.36,5.26,10.22,0.22,8.65,10.33,0.1,71.18,19.94,78.56,44
2020,sulawesi selatan,kota palopo,6,1.48,7.82,9.01,0.03,3.84,10.79,0.23,70.79,30.83,75.24,55
2020,sulawesi tenggara,buton,5,1.3,13.65,19.34,1.01,31.14,7.64,2.78,67.92,38.3,73.43,251
2020,sulawesi tenggara,muna,6,1.18,12.85,15.67,2.37,27.37,8.2,2.15,70.18,27.36,77.43,196
2020,sulawesi tenggara,konawe,6,0.25,12.34,11.38,0.86,26.98,8.95,3.93,70.02,37.46,83.18,66
2020,sulawesi tenggara,kolaka,6,0.74,11.92,15.05,1.13,21.49,9.11,4.8,70.72,36.01,81.35,100
2020,sulawesi tenggara,konawe selatan,6,0.47,10.81,12.45,0.58,27.35,7.72,8.36,70.52,35.67,81.82,94
2020,sulawesi tenggara,bombana,6,0.47,10.56,19,2.68,8.75,8.13,3.39,68.54,43.13,83.03,71
2020,sulawesi tenggara,wakatobi,5,1.38,14.75,14.35,0.78,34.07,7.98,0.74,70.13,23.86,74.93,223
2020,sulawesi tenggara,kolaka utara,6,0.67,13.19,24.5,3.11,19.6,8.67,6,70.15,38.99,79.93,137
2020,sulawesi tenggara,buton utara,5,2.06,14.38,15.53,2.46,25.11,8.58,3.58,70.75,47.26,70.66,283
2020,sulawesi tenggara,konawe utara,5,0.91,13.66,27.01,0.67,39.98,9.25,13.15,69.23,47.99,73.99,241
2020,sulawesi tenggara,kolaka timur,6,0.22,13.71,15.24,1.59,16.2,8.68,7.62,72.33,37.36,84.9,34
2020,sulawesi tenggara,konawe kepulauan,4,2.27,17.18,10.83,0.91,27.1,8.9,3.76,68.25,49.51,67.45,313
2020,sulawesi tenggara,muna barat,6,0.75,13.84,14.12,2.62,27.11,7.16,1.93,70.16,39.86,78.28,173
2020,sulawesi tenggara,buton tengah,5,1.91,15.77,9.4,0.21,13.25,7.55,1.34,67.5,24.44,73.49,250
2020,sulawesi tenggara,buton selatan,5,1.19,14.66,12.18,4.57,52.47,7.88,1.45,67.5,46.08,70.19,286
2020,sulawesi tenggara,kota kendari,6,11.12,4.44,7.52,0,5.67,11.71,0.12,73.52,24.81,84.91,8
2020,sulawesi tenggara,kota bau-bau,6,2.77,7.27,8.67,0.15,6.54,10.87,0.38,70.95,40.75,71.11,66
2020,gorontalo,boalemo,6,0.06,18.87,22.3,2.88,24.34,7.17,2.6,68.83,37.15,79.99,135
2020,gorontalo,gorontalo,6,0.26,18.06,10.83,0.7,22.67,7.91,1.58,67.45,37.25,80.26,124
2020,gorontalo,pohuwato,6,0.11,18.16,16.33,0.64,8.43,8.05,7.04,63.83,33.28,81.34,101
2020,gorontalo,bone bolango,6,0.69,16.12,10.29,0.38,24.02,9.12,2.54,68.38,25.34,80.12,129
2020,gorontalo,gorontalo utara,6,0.16,16.95,20.3,4.83,22.65,7.65,2.86,65.79,34.89,79.41,151
2020,gorontalo,kota gorontalo,6,3.92,5.45,1.87,0,4.97,10.35,0.07,72.42,29.44,81.3,33
2020,sulawesi barat,majene,5,0.82,13.72,46.97,0,16.8,9.12,2.33,61.3,43.7,73.71,246
2020,sulawesi barat,polewali mandar,5,0.35,15.6,43.69,1.97,34.52,7.59,2.13,62.18,39.45,73.27,254
2020,sulawesi barat,mamasa,5,0.35,13.42,57.07,1.08,79.08,8.33,7.41,70.75,45.02,69.75,293
2020,sulawesi barat,mamuju,6,0.37,7.06,37.56,3.39,34.6,7.98,4.54,67.23,43.68,78.56,167
2020,sulawesi barat,mamuju utara,6,0.8,4.28,23.96,2.29,26.03,8.6,7.71,65.91,32.99,79.89,138
2020,sulawesi barat,mamuju tengah,6,0.21,6.87,17.16,1.92,30.26,7.77,11.41,68.06,32.14,82.95,74
2020,maluku,maluku tenggara barat,2,5,27.25,41.51,7.15,27.78,9.76,14.58,63.34,28.65,43.52,387
2020,maluku,maluku tenggara,2,5,22.75,13.21,4.88,24.27,9.35,1.6,64.95,35.21,48.8,379
2020,maluku,maluku tengah,5,1.16,20.04,34.91,1.57,27.68,9.9,6.65,66.34,31.43,72,270
2020,maluku,buru,6,0.52,16.74,32.61,3.85,27.18,8.8,7.06,66.32,26.91,76.92,202
2020,maluku,kepulauan aru,1,5,26.73,20.52,25.02,33.17,8.86,15.77,62.73,42.12,41.37,391
2020,maluku,seram bagian barat,3,2.54,25.16,26.8,2.6,51.38,9.15,8.21,61.48,33.43,56.02,359
2020,maluku,seram bagian timur,4,1.18,23.13,37.95,14.11,33.22,8.49,9.65,59.16,40.54,63.94,334
2020,maluku,maluku barat daya,4,0.89,29.43,21.51,12.7,36.4,8.46,11.51,62.16,29.16,66.55,320
2020,maluku,buru selatan,3,3,16.13,39.37,11.9,38.21,8.3,7.67,66.13,26.67,58.88,351
2020,maluku,kota ambon,6,50,4.57,5.62,0.38,14.27,11.74,0.22,70.35,27.93,76.85,50
2020,maluku,kota tual,2,20.03,22.68,6.12,3.92,17.21,10.28,0.86,65.21,27.69,34.8,97
2020,maluku utara,halmahera barat,3,4.61,8.59,16.56,1.03,42.66,8.8,3.47,66.13,28.79,54.15,366
2020,maluku utara,halmahera tengah,4,2.6,14.12,24.81,3.79,25.23,8.94,9.01,63.65,27.87,64.92,332
2020,maluku utara,kepulauan sula,2,5,8.98,31.91,7.13,36.65,8.88,11.78,63.18,27.3,49.23,377
2020,maluku utara,halmahera selatan,2,5,5.03,21.34,11.26,41.17,7.9,8.99,65.75,37.79,50.46,374
2020,maluku utara,halmahera utara,6,1.12,4.55,21.13,2.31,40.64,8.42,6.21,69.47,20.48,78.44,169
2020,maluku utara,halmahera timur,5,0.48,15.39,24.63,4.31,52.02,8.23,19.11,68.64,30.38,74.38,232
2020,maluku utara,pulau morotai,6,0.79,7.27,30.37,1.76,42,7.55,9.22,66.99,30.08,76.07,212
2020,maluku utara,pulau taliabu,2,5,7.53,30.27,19.67,58.31,7.86,9.26,61.95,30.19,44.45,386
2020,maluku utara,kota ternate,6,32.86,3.14,4.81,0.07,8.98,11.48,0.12,70.85,18.22,84.43,12
2020,maluku utara,kota tidore kepulauan,4,1.1,6.1,9.32,0.73,39.43,9.7,1,69.22,26.14,54.66,92
2020,papua barat,fakfak,2,5,23.25,26.58,9.05,38.86,10.02,32.5,68.41,32.91,45.51,384
2020,papua barat,kaimana,2,5,16.11,27.41,4.92,46.19,9.15,26.7,64.64,24.1,46.06,383
2020,papua barat,teluk wondama,1,5,32.42,44.41,12.1,66.41,9.07,23.38,59.93,26.03,33.07,396
2020,papua barat,teluk bintuni,2,3.42,30.57,33.52,2.7,33.18,9.62,58.38,60.6,37.02,47.99,381
2020,papua barat,manokwari,5,1.75,21.06,7.58,0.26,11.28,9.76,3.74,68.56,13.47,75.42,218
2020,papua barat,sorong selatan,2,5,18.41,41.6,8.33,46.36,8.4,18.06,66.15,40.26,43.22,389
2020,papua barat,sorong,4,1.5,28.61,13.89,2.16,42.57,9.05,10.37,66.02,26.93,65.87,325
2020,papua barat,raja ampat,3,3.8,17.16,27.29,11.3,36.05,9.09,24.86,64.7,32.25,53.46,368
2020,papua barat,tambrauw,1,2.13,33.66,55.01,24.91,80.42,7.39,100,59.96,48.21,39.62,392
2020,papua barat,maybrat,1,5,32.2,28.55,19.42,83.79,9.65,48.75,65.17,44.83,31.12,398
2020,papua barat,manokwari selatan,4,0.68,29.94,12.62,2.95,42.63,7.72,100,67.48,28.6,65.78,326
2020,papua barat,pegunungan arfak,1,5,34.83,26.53,43.24,63.37,5.85,100,67.18,31.33,29.05,402
2020,papua barat,kota sorong,5,50,15.45,8.43,0.08,5.13,10.68,0.84,70.46,15.75,66.03,80
2020,papua,merauke,6,0.19,10.35,24.2,5.01,28.12,8.51,100,66.93,21.19,77.6,189
2020,papua,jayawijaya,1,5,38.33,10.96,26.34,71.41,5.24,5.54,59.39,34.53,29.85,400
2020,papua,jayapura,3,3.77,13.13,20.33,0.14,35.22,10.01,22.24,66.93,34.16,58.11,354
2020,papua,nabire,4,1.87,24.81,23.27,4.67,27.1,9.89,7.22,67.97,29.08,67.65,311
2020,papua,kepulauan yapen,2,5,27.13,26.4,23.51,31.53,9.14,16.51,69.06,50.36,43.38,388
2020,papua,biak numfor,2,5,25.5,15.74,1.03,28.46,10.57,19.31,68.2,34.63,48.51,380
2020,papua,paniai,1,5,37.16,10.04,61.45,89.26,4.28,96.17,66.27,34.44,22.97,405
2020,papua,puncak jaya,1,5,35.71,19.11,12.81,85.59,3.22,14.74,64.98,34.14,30.03,399
2020,papua,mimika,3,5,14.54,9.96,11.66,14.02,9.83,1.62,72.27,23.99,57.45,355
2020,papua,boven digoel,1,5,19.66,28.82,13.48,35.8,8.66,100,59.64,34.97,38.58,393
2020,papua,mappi,1,5,25.5,51.75,56.62,71.16,5.44,80.7,64.91,21.99,28.59,403
2020,papua,asmat,1,5,26.6,55.48,35.11,91.49,4.8,100,57.53,46.7,19.9,411
2020,papua,yahukimo,1,5,38.82,54.1,84.3,67.45,3.18,82.26,65.8,21.86,21.21,409
2020,papua,pegunungan bintang,1,5,30.51,85.3,18.09,79.63,3.85,62.12,64.34,35.87,24.46,404
2020,papua,tolikara,1,5,32.9,86.54,14.76,96.24,1.99,29.01,65.58,49.56,21.4,407
2020,papua,sarmi,2,5,14.41,46.42,9.08,40.73,8.1,43.8,66.26,27.36,44.68,385
2020,papua,keerom,4,3.14,16.83,20.72,5.37,26.51,8.22,37.74,66.6,27.06,60.24,348
2020,papua,waropen,1,5,30.95,37.79,11.7,53.5,9.05,42.34,66.24,32.11,37.5,395
2020,papua,supiori,1,5,38.79,49.17,4.03,71.98,9.04,3.47,65.81,53.53,31.59,397
2020,papua,mamberamo raya,1,5,29.13,79.78,25.99,95.28,6.15,100,57.55,21.9,19.8,412
2020,papua,nduga,1,5,38.24,41.96,50.13,99.71,2.31,100,55.12,3.18,15.54,414
2020,papua,lanny jaya,1,5,39.52,69.67,26.75,99.48,1.71,17.28,66,8.8,22.87,406
2020,papua,mamberamo tengah,1,5,36.93,82.71,19.44,100,3.07,82.56,63.44,14.26,19.07,413
2020,papua,yalimo,1,5,34.52,52.99,14.09,81.54,3.61,30.75,65.34,8.65,29.77,401
2020,papua,puncak,1,5,38.24,93.56,97.21,100,1,44.94,65.61,25.06,12.63,416
2020,papua,dogiyai,1,5,31.12,42.99,95.99,96.91,2.56,100,65.6,65.99,14.7,415
2020,papua,intan jaya,1,5,42.92,36.25,10.75,95.47,1.88,94.3,65.51,28.01,20.74,410
2020,papua,deiyai,1,5,43.65,9.73,27.07,100,1.49,83.07,65.11,22.2,21.36,408
2020,papua,kota jayapura,5,7.11,11.49,6,0,6.17,10.88,0.73,70.38,26.22,68.83,71
